slug-id,Product name,Positioning,FORM,Category,#of trials,Poultry ,Ruminants,Swine,Main Challenge,Challenges,Core Benefit,Non-Focus Benefits,Tagline,Elevator,Description,Website benefits,Packaging,Website slug
42-degree,42 Degree,Growth,LIQUID,Health,3,TRUE,FALSE,TRUE,Stress & Recovery,Heat stress · High body temperature · Dehydration,Anti-Inflamatory · Hydration · Temperature-stress recovery,Electrolyte support · Appetite · Metabolism · Post-vaccination recovery,Problem solved,"42 Degree is a liquid botanical of plant extracts rich in salicylate phenolics plus electrolytes, special for pairing temperature-modulating phenolics with rehydration in one water formula.","42 Degree is a botanical support in cases of infections, elevated body temperatures and stress. The natural plant extracts in this formula are rich in phenolic compounds such as salicylates, that helps to regulate body temperatures and to relieve pain or discomfort, improving general well-being and motility of animals. 42 Degree provides electrolytes to support proper hydration of animals.","Helps to fight causes and symptoms of dehydration and increased body temperatures · Supply of additional electrolytes · Helps to suppress negative vaccination reactions · Supports in case of pain and discomfort · Helps to stimulate the appetite, metabolism and digestion · Helping to reduce inflammation","250 ml, 500 ml and 1 l bottle, 5 l and 25 l canister",42-degree
novosol,Novosol,Growth,LIQUID,Health,2,TRUE,FALSE,TRUE,Gut Health & Digestion,Gut damage · Poor intestinal integrity · Poor performance,Gut protection · Intestinal mucosa support · NAGP,Nutrient absorption · FCR · Weight gain · Antioxidant support,One step forward,Novosol is a liquid of fatty acids and essential oils aimed at the intestinal mucosa; the fatty acids stay active through the whole gut without depending on pH or being buffered.,"Novosol® is a combination of fatty acids and essential oils targeting intestinal mucosa. Fatty acids provide the benefits of organic acids without the dependency on pH for activity. They maintain the action through the entire intestinal tract, without being degraded or buffered. Together with the great antioxidant synergy from essential oils, Novosol® is a perfect tool for intensive production with increased pressure, especially in the peak or in the final period of fattening, laying or lactation.","Quick protection of digestive tract from the beginning · Decreased incidence of complications from opportunistic harmful factors · Promotion of a healthy intestinal mucosa, for supporting body own resistance and absorption of nutrients · Better FCR, weight gain, and liveability",1 l bottle 5 l and 25 l canister,novosol
metavolin-herbal,Metavolin Herbal,Growth,LIQUID,Health,,TRUE,TRUE,FALSE,Liver & Metabolic Health,Liver stress · Fatty liver pressure · Metabolic overload,Liver support · Detoxification · Fat metabolism,Antioxidant support · Recovery · General metabolism,Prepare for the long run,"Metavolin Herbal is a liquid of hepatic factors plus two botanical extracts, special for combining antioxidant botanicals with liver detoxification and fat mobilisation.",Metavolin Herbal® is a balanced formulation designed to support the liver for its perfect function. The combination of hepatic factors together with two botanical extracts offer high anti-oxidant effect and promotion of liver detoxification and helping to prevent fatty liver condition.,Improving liver metabolism · Helping liver on fat mobilization · Quick recovery from hepatic conditions · Long-term hepatic protection · Supports enhanced performance,"250 ml, 500 ml and 1 l bottle, 5 l and 25 l canister",metavolin-herbal
e-hydrolyte-c,Nostress,Growth,WSP,Farm,,TRUE,TRUE,TRUE,Heat Stress & Dehydration,Heat stress · Dehydration · Electrolyte loss,Electrolyte replenishment · Rehydration · Heat-stress support,Vitamin-C/antioxidant support · Energy · Acid-base balance · Recovery,Back to hydration,"Nostress is a water-soluble powder of vitamin C, a balanced electrolyte mix and a fast energy source, special because the energy fraction drives intestinal water and sodium uptake while the salts buffer blood pH.","Vitamin C supports the immune system and acts as an antistress agent. Electrolytes are important for reducing the effects of heat stress in hot conditions, increasing heat resistance, and maintaining an optimal blood pH level. They also help reduce stress due to transport, new housing, climatic changes, and high production yields. In addition, a quick source of energy helps prevent dehydration and aids in the animal’s recovery from it. The energy source in this formula provides fast, available energy that promotes the absorption of water and sodium at the intestinal level. The balanced mixture of electrolytes provides an effective blood buffer.",Vitamin C is a support to the immune system. · Provides a fast absorbing source of energy · Provides all electrolytes needed to avoid dehydration · Supports the blood pH balance · Replaces electrolytes loss caused by stress · Reduces the effects of the heat stress,1 kg and 20 kg aluminum bags 5 kg and 10 kg buckets,e-hydrolyte-c-pro
novovital,NovoVital,Growth,LIQUID,Health,,TRUE,TRUE,TRUE,Gut Health & Digestion,Intestinal microbial pressure · Poor gut performance,Gut microbial-balance support · Intestinal protection · NAGP,Digestion · Nutrient absorption · FCR · Weight gain,"New game, new rules","NovoVital is a liquid blend of C4, C8, C10 and C12 fatty-acid monoglycerides; the chain mix acts on viral envelopes and bacterial or protozoal membranes independently of gut pH.","NovoVital is a combination of monoglycerides of fatty acids C4, C8, C10 and C12. Fatty acids can interfere with the envelope of some virus, cell membrane of bacteria and certain protozoa that are opportunistic in the gut, helping therefore to decrease attachment, colonization and multiplication of disease-causing agents. The promotion of a healthy gut flora results in better villi growth, with higher feed efficiency and growth","Quick protection of the digestive channel starting from the crop · Decreased incidence of complications from bacterial and viral diseases · Promotion of a healthy mucosa, increased digestion and absorption · Better performance and FCR, reduced mortality",1 l bottle 5 l and 25 l canister,novovital
aromax,Aromax,Growth,LIQUID,Health,6,TRUE,TRUE,FALSE,Respiratory Challenges,Respiratory stress · Difficult breathing · Respiratory discomfort,Respiratory support · Easier breathing · Airway comfort,Feed intake · FCR · Heat-stress support · Recovery,A puff of fresh and healthy air,"Aromax is a liquid of eucalyptus, thyme and peppermint essential oils plus L-Menthol, special for cooling, decongestant menthol on top of the respiratory oil synergy.","Aromax® is a rich synergic combination of essential oils from eucalyptus, thyme and peppermint. These oils are known to alleviate respiratory tract disturbances and to have appetizing, bioactive and insect repellent effects. Due to the essential oils inside the product, Aromax® would enhance the immunity and therefore, is a great support in severe vaccine reactions. Added L-Menthol has anti-pruritic, decongestant and cooling properties.",Relieves respiratory problems · Helps to decrease respiratory reactions after vaccinations · Gives extra comfort to livestock in cases of heat stress · Improves oxygen intake and helps to support thermoregulation · Enhances water and feed intake · Helps to improve weight gain and feed conversion ratio,"250 ml, 500 ml, and 1 l bottle, 5 l and 25 l canister",aromax
toxi-guard-protect-se,Toxi-Guard Protect Se,Growth,POWDER,Feed,,TRUE,TRUE,TRUE,Mycotoxin Challenges,Mycotoxin pressure · Feed contamination · Toxin exposure,Mycotoxin adsorption · Toxin binding · Feed-safety support,Feed quality · Moisture adsorption · Performance support,When absorption safeguards your animals,"Toxi-Guard Protect Se is a feed powder of processed diatomaceous earth with high porosity and surface area, special for physically trapping mycotoxins in a humidity-formed absorption network.",Animal feed generally contains many different microorganism. Toxi-Guard is enriched by processed Diatomaceous earth (DE) with high capacity of absorption. This characteristic may support dissolving mycotoxins in a network structured formed (absorption) by help of humidity. DE is very light with high porosity and high potential of water absorption. The Toxi-Guard DE has high surface area which help the product for the utmost effectivity.,Binding effect · Improving feed quality · Protecting animal in feed hygiene stress situation · Improving animal performance,25 kg and 10 kg craft bag,toxi-guard
cal-d-phos,Cal D Phos,Entry,LIQUID,Farm,2,TRUE,FALSE,FALSE,"Bone, Leg & Mineral Health",Weak bones · Poor eggshell · Calcium/phosphorus imbalance,Bone strength · Eggshell quality · Calcium & phosphorus support,Layer performance · Leg health · Flock uniformity,Legs & Eggs,"Cal D Phos is a liquid of calcium, phosphorus and vitamin D3, special because D3 drives mineral absorption and mobilisation while the acid liquid also lowers drinking-water pH.","Cal D Phos® supports an optimum Calcium and Phosphorus balance and provides as well Vitamin D3, necessary for the absorption, metabolism and mobilization of minerals. Deficiencies are avoided efficiently and quickly, maintaining health and performance. Cal D Phos® will also provide the benefit of lowering the pH of drinking water.","Supports skeletal integrity · Helps to reduce leg problems · Improves flock uniformity · Support of laying performance · Helps to prevent losses from cage fatigue, uterus prolapse and breast blisters · Quick solution to egg shell problems","250 ml, 500 ml and 1 l bottle, 5 l and 25 l canister",cal-d-phos
renal-cleaner,Renal Cleaner,Entry,LIQUID,Health,1,TRUE,TRUE,TRUE,Kidney & Renal Health,Kidney stress · Renal pressure · Post-treatment stress,Kidney support · Renal recovery · Toxin-pressure support,Electrolyte balance · Energy · General recovery,A Good Plumber,"Renal Cleaner is a liquid nutraceutical for kidney pressure that also supplies energy and electrolytes, special as targeted renal support after high-protein diets, mycotoxins or nephrotoxic medication.","Renal Cleaner is especially designed to help animals cope with negative consequences of renal disorders. Use Renal Cleaner as a preventive solution in case of high protein diets, at first symptoms of renal problems in livestock such as high risk of mycotoxin contamination of feedstuffs or after repetitive use of antibiotics and other kidney-damaging medications. Renal Cleaner is a nutraceutical support that can be used in cases of conditions related with disease causing agents that may affect kidney functions.",Quick and specific problem solver · Replenishes energy and electrolytes · Support of kidney activities · Cost-efficient solution,"250 ml, 500 ml and 1 l bottle, 5 l and 25 l canister",renal-cleaner
turbo-fluid,Turbo Fluid,Entry,LIQUID,Farm,0,TRUE,TRUE,FALSE,Stress & Recovery,Nutritional deficiency · Stress · Recovery periods,Vitamin/mineral/amino-acid supplementation · Stress recovery,Appetite · Growth · Heat stress · Metabolism,All-in-one formula,"Turbo Fluid is a liquid vitamin- and amino-acid-rich composition, special as an all-in-one farm mix for cell formation, metabolism and stress periods when appetite must stay up.","Turbo Fluid is a vitamin, amino acid rich composition designed to promote resistance to infections and provide health, growth and fertility. Livestock treated with Turbo Fluid are less sensitive to stress (e.g. due to heat or overcrowded housing) and the appetite remains unaffected, keeping up the production parameters.","Prevention of nutritional deficiencies and of their consequences · Provides necessary elements for cell formation and metabolism · Helps to maintain production parameters, appetite and growth in case of diseases · Replaces losses caused by stress factors","250 ml, 500 ml and 1 l bottle, 5 l and 25 l canister",turbo-fluid
mould-guard-diamond,Mould Guard Diamond,Entry,POWDER,Feed,0,TRUE,TRUE,TRUE,Feed Preservation & Mould,Mould growth · Feed spoilage · Feed-hygiene problems,Mould control · Feed preservation · Antifungal support,Bacterial control · Toxin-source reduction · Anti-caking,Activate the shield,"Mould Guard Diamond is a feed powder of citrus-seed extract with propionic, formic, acetic and sorbic acids plus an aluminium-silicate carrier, special for being less irritant than typical acid powders and combining fast acids with slow-release binding.","Mould Guard Diamond is a less irritant product than the majority of powder anti-fungal products based on organic acids. It is a powerful antifungal agent with a rich composition of citrus seed extract and organic acids with salts. Its propionic acid content is of especial importance. The suitable carrier acts like an anti-caking agent, making the product easy to handle, easy to mix and easy to pelletize.","Citrus seed extract potentiates the activity of organic acids, allowing less inclusion · Propionic, formic, acetic and sorbic acids help to decrease toxin sources in the raw material · The acidifying effect decreases bacterial and fungal colonization · Aluminum silicate absorbs and traps toxins by inactivating them · Fast action with acids, slow release for long term effect",10 kg and 25 kg craft bags,mould-guard-diamond
vitamin-e-se,Vitamin E+Se,Entry,LIQUID,Farm,,TRUE,FALSE,FALSE,Reproduction & Fertility,Reproductive stress · Oxidative stress · Vitamin E/selenium deficiency,Antioxidant support · Vitamin E + selenium supplementation · Fertility support,Egg quality · Laying performance · General broiler support,Reach outstanding production levels,"Vitamin E+Se is a liquid of fat-soluble vitamin E and selenium, special for pairing membrane-protecting vitamin E with selenium-dependent antioxidant and thyroid enzymes.","Vitamin E+Se contains fat-soluble vitamin E essential to animals because of its role in reducing free radicals, its action as an anti-toxic agent, and its effect on the formation and protection of cell membranes, positively influencing circulatory system and blood vessels. Selenium is important for thyroid metabolism, hence for animal growth, and essential for the proper functioning of anti-oxidative body mechanisms.","In broilers, helps to prevent ascites, death syndrome and encephalomalacia · In layers and breeders, it contributes to fertility, egg quality and laying performance","250 ml, 500 ml and 1 l bottle, 5 l and 25 l canister",vitamin-e-se
hepatisafe,Hepatisafe,Entry,LIQUID,Health,,TRUE,TRUE,TRUE,Liver & Metabolic Health,,Liver Support,Hepatic Protection,,"Hepatisafe is a liquid hepatic-support formula, special as dedicated liver-protection chemistry for metabolic and detox pressure.",,,,
mineral-forte,Mineral Forte,Entry,LIQUID,Farm,0,TRUE,FALSE,FALSE,"Bone, Leg & Mineral Health",Mineral deficiency · High production demand · Poor mineral status,Broad mineral supplementation · Mineral-balance support,Fertility · Bone health · Egg quality · Stress support,Supply what is essential,"Mineral Forte is a liquid broad-spectrum mineral supplement, special for covering the extra mineral demand of fast growth, peak lay and later ages in one farm-water mix.","Mineral s are essential for healthy livestock, therefore their deficiencies may result in retarded growth, poor performance, lack of energy, skeletal disorders, altered fertility and metabolism disturbances. The demand for Mineral s and other nutritional factors increase in periods of fast growth, high production periods such as peak of laying, and also in later ages.",Protect against stress conditions · Avoid fertility problems · Prevent bone and leg problems · Maintain egg quality and yield · Support in high production periods,"250 ml, 500 ml and 1 l bottle, 5 l and 25 l canister",mineral-forte
pro-start,Pro-Start,Entry,LIQUID,Farm,1,FALSE,FALSE,TRUE,Early-Life & Young-Animal Support,Weak newborn piglets · Poor colostrum intake · Early-life stress,Newborn-piglet support · Vitality · Colostrum support,Gut development · Microbiota · Weight gain · Weaning survival,Powerful start for your piglets,"Pro-Start is a liquid of high-dose probiotic bacteria, vitamins, immunoglobulin-rich egg powder and plant medium-chain fatty acids, special for pushing newborn piglets to colostrum while seeding gut flora and mucosa.","One of the most important factors that determines piglet livability and performance is the time that it takes them to start sucking after being born. Another factor is the quantity of colostrum that they receive in the first 24 hours. Pro-Start is a combination of high-dosed probiotic bacteria, vitamins, immunoglobulin-rich egg powder and plant based medium-chain fatty acids. They act together ensuring the piglets recover quickly from the stress of birth, moving faster towards the mother to start sucking colostrum and properly developing a balanced gut microbiome and intestinal mucosa.",Maximum intake of nutritional factors · Optimized weight gain · Proper development of the digestive tract · Better protection via passive immunity · Increased number of live piglets at weaning,250 ml and 500 ml in special pumping application bottles (1 pump per each 6 bottles),pro-start
globiotic,Globiotic,Entry,POWDER,Feed,1,FALSE,TRUE,FALSE,Early-Life & Young-Animal Support,Early-life gut instability · Weaning stress · Poor intestinal development,Early gut protection · Microbiota establishment · Intestinal support,Immunity · Nutrient absorption · Weight gain · Livability,Cover all spaces before it is too late,"Globiotic is a calf start powder of immunoglobulins with vitamins, beta-carotene, organic iron and selenium plus Enterococcus faecium, special for combining passive gut-barrier antibodies with early lactic-acid flora.","Globiotic is the ideal start drink for newborn calves, as it supplies the immunoglobulins needed for the passive immunity. Once immunoglobulins enter the gut, they help to create a barrier against bacterial colonization or viral penetration. This protects the villi formation and digestion, preparing animals for growth and weight gain. With the help of vitamins, ß-Carotene, organic bound iron, selenium and Enterococcus faecium, a strong body-own immunity is ensured.","Protects intestinal mucosa against transient pathogens · Improves resistance and livability · Optimizes the absorption of nutrients, thus increasing weight gain · ß-Carotene supports the formation of an active immune system · Lactic-acid bacteria promote a healthy intestinal flora · Overall better performance from early stage until weaning","1 kg aluminum bags, 2.5 kg buckets, 10 kg and 25 kg craft bags",globiotic
tannifit-plus,TanniFit Plus,Entry,LIQUID,Health,,FALSE,FALSE,TRUE,Early-Life & Young-Animal Support,Young-animal intestinal disturbance · Digestive stress,Gut protection · Digestive-function support · Young-animal intestinal support,Appetite · Microbial balance · Inflammation support,Make your little ones fit again,"TanniFit Plus is a liquid botanical of tannins with thyme and oregano essential oils, special for astringent mucosa protection plus Gram-positive and Gram-negative antimicrobial oils in a pump-dose form for suckling animals.","TanniFit Plus is a dietary complementary feed with botanical ingredients in order to stabilize water and electrolyte balance to support a physiological digestion in the early life of suckling piglets, lambs and goat kids. The tannin-rich formula has astringent and anti-inflammatory effects on the gut mucosa. Essential oils of Thyme and Oregano are well-known for their antimicrobial effects on Gram+ and Gram- bacteria, anti-fungal effects, as well as their potential to reduce oxidative stress. The combination of these botanical ingredients might stimulate the appetite during suckling phase.",Quick regulation of intestinal disturbances · A protected digestive tract · Anti-inflammatory and antimicrobial effects · Reduction of pathogen pressure · Quickly and easily applicable with a doser,250 ml and 500 ml bottles with special pump applicator available (per 6 bottles an applicator is supplied),tannifit-plus
tannifit-plus-dry,TanniFit Plus Dry,Entry,WSP,Health,,FALSE,TRUE,FALSE,Gut Health & Digestion,Intestinal disturbance · Loose droppings · Young-animal digestive stress,Gut protection · Digestive support · Intestinal-function support,Appetite · Microbial-balance support · Antioxidant support,Bring the digestive system back on track,"TanniFit Plus Dry is a water-soluble botanical of tannins with oregano essential oil, special for astringent, anti-inflammatory and antimicrobial action in a dry form for calves and lambs.","TanniFit Plus Dry is a complementary feed with botanical ingredients in order to stabilize water and electrolyte balance to support a physiological digestion in the early life of calves and lambs. The tannin-rich formula has astringent and anti-inflammatory effects on the gut mucosa. Essential oil of Oregano is well-known for its anti-inflammatory, antimicrobial and anti-fungal effects as well as its potential to reduce oxidative stress. The combination of these botanical ingredients might stimulate the appetite in challenging times.",Quick regulation of intestinal disturbances · Anti-inflammatory and antimicrobial effects · A protected digestive tract · Reduction of pathogen pressure,"1 kg alu bag, 5 kg bucket, 20 kg alu bags",tannifit-plus-dry
vital-x,Vital-X,Entry,LIQUID,Farm,,TRUE,TRUE,FALSE,Vitamin & Nutritional Support,Vitamin/amino-acid deficiency · Stress · General performance decline,Vitamin + amino-acid supplementation · Nutritional support,Immunity · Fertility · Appetite · Stress resistance,All-in-one formula,"Vital-X is a liquid vitamin- and amino-acid-rich composition, special as an all-in-one nutritional mix for cell formation, fertility and stress when production must hold.","Vital-X is a vitamin and amino acid rich composition designed to promote resistance to infections and provide, growth and fertility. Livestock treated with Vital-X are less sensitive to stress (e.g. due to heat or overcrowded housing) and the appetite remains unaffected, keeping up the production parameters.","Prevention of nutritional deficiencies and of their consequences · Provides necessary elements for cell formation and metabolism · Helps to maintain production parameters, appetite and growth in case of diseases · Replaces losses caused by stress factors","250 ml, 500 ml, 1 l bottle 5 l and 25 l canister",vital-x
zincotin,Zincotin,Entry,LIQUID,Health,,TRUE,FALSE,FALSE,"Skin, Hoof & Feather Quality",Zinc deficiency · Poor skin/hoof/feather quality · Fertility/immunity pressure,Organic-zinc support · Skin/hoof/feather integrity · Fertility/immunity support,Hatchability · Bone health · Appetite · Antioxidant support,Organic performance,"Zincotin is a liquid of organic zinc with biotin and calcium pantothenate, special because chelated zinc is more bioavailable than inorganic zinc and the B-vitamins back cell growth in skin, hoof and feather.","Zincotin® contains organic Zinc, which offers many advantages in comparison with inorganic zinc, due to its high bioavailability. Zincotin® is a useful tool to decrease skin and fertility disorders. Th is activity, besides decrease organic Zinc, is supported by Biotin and Calcium pantothenate, important for proper cell growth and metabolism.","Optimized body own resistance · Improved fertility and hatchability · Better immunity · Enhanced skin, bone, feather and hoof condition · Healthy appetite · Protection against oxidative stress","250 ml, 500 ml and 1 l bottle, 5 l and 25 l canister",zincotin
vitamin-ad3eck,Vitamin AD3ECK,Entry,LIQUID,Farm,,TRUE,TRUE,FALSE,Vitamin & Nutritional Support,Vitamin deficiency · Growth/reproductive stress,Vitamin A/D3/E supplementation · Nutritional support,Fertility · Immunity · Growth · Hatchability,,"Vitamin AD3ECK is a liquid fat-soluble vitamin blend of A, D3 and E (AD3ECK formula), special as a concentrated nutritional support for growth, immunity, fertility and hatchability.",,,,
x-cid-plus,X-Cid Plus,Entry,LIQUID,Farm,,TRUE,FALSE,TRUE,Water Quality & Hygiene,High water pH · Poor water hygiene · Microbial pressure in water,Water acidification · pH management · Water-hygiene support,Chlorination efficiency · Disinfection support,More than pH,"X-Cid Plus is a liquid drinking-water acidifier, special because it both lowers water pH against bacteria and raises free chlorine when used with chlorination.","X-Cid Plus is a cutting-edge solution designed to enhance water hygiene by offering robust protection against bacterial contamination. One of its key functionalities is the effective reduction of water pH, creating a hostile environment to harmful bacteria. When X-Cid Plus is used in conjunction with chlorine, it synergistically boosts the concentration of free chlorine in the water. This enhancement significantly improves the efficacy of disinfection processes, ensuring that the water remains cleaner and safer for use. By optimizing the disinfection capability, X-Cid Plus plays a crucial role in maintaining better overall animal health.",Provides protection against bacterial contamination · Reduces water pH · Enhances free chlorine concentration when used with chlorine,1 l bottle 5 and 25 l canister,x-cid-plus
smooth-pro-calm-me,Smooth Pro (Calm Me),,LIQUID,Farm ,,TRUE,TRUE,TRUE,Stress & Recovery,Transport stress · Harvesting stress · Scratches/bruising,Calming · Carcass-quality protection · Reduced excessive movement,Skin quality · Energy saving · Lower physical damage,Naturally calming,"Smooth Pro is a liquid natural calming formula, special for reducing excessive movement so carcasses pick up fewer scratches and bruises at harvest and transport.","In broilers, excessive movements during the last few days of rearing or struggles during transport and harvest may cause scratches and bruising. This is economically significant as it causes increased mortality and higher carcass rejection at the slaughterhouse. In cattle and pigs, the reduction of excessive movement has a positive effect over body energy savings and therefore on costs of feeding.","Helps to calm animals down, avoiding excessive movements and energy waste · The calming effect helps to avoid bruising and scratches during harvest or transport · Better skin integrity and less rejections at the slaughterhouse due to skin lesions","250 ml, 500 ml and 1 l bottle, 5 l and 25 l canister",smooth-pro
turbo-grow,Turbo Grow,,POWDER,Feed,,TRUE,TRUE,TRUE,Growth & Feed Efficiency,Poor growth · Poor FCR · Low feed efficiency,Growth performance · Feed efficiency · NAGP support,Gut health · Immunity · Feed quality · Litter quality,"1 for all, all inside 1","Turbo Grow is a feed powder growth formula with high-affinity bentonite against aflatoxin and no carrier, special as a non-antibiotic growth enhancer that also preserves feed against moulds, bacteria and mycotoxins.","Turbo Grow is a synergic formulation aimed at the improvement of gut health, performance and growth for all animal species. The new era of eliminating antibiotic growth promoters relies on smart formulas such as Turbo Grow which address multiple problems in a cost-efficient way. Turbo Grow further contains the most efficient Bentonite against Aflatoxin (mycotoxins produced by two species of Aspergillus, a fungus found especially in areas with hot and humid climate). As an integral approach, Turbo Grow is the perfect choice for a non-antibiotic growth enhancer. *Formerly known as Turbo Tox, the global name of the product has been changed to Turbo Grow","“Non-antibiotic” growth promoter · Improved feed performance · Improves weight gain, egg and meat yield · Triggers intestinal nonspecific immune modulation · Feed preservative against moulds, bacteria, vectors and mycotoxins · Better litter quality · Unique product without any carrier in it",10 kg and 25 kg craft bags,turbo-grow
bacflora-br,Bacflora® BR,,POWDER,Feed,,TRUE,FALSE,TRUE,Gut Health & Digestion,Gut imbalance · Poor intestinal flora · Performance loss,Probiotic/synbiotic gut support · Microflora balance,Performance · Liver support · NAGP positioning,The Synbiotic for a perfect gut,"Bacflora BR is a feed synbiotic of a probiotic with yeast (S. cerevisiae) and chicory prebiotics plus organic acids and their salts, special for combining flora, prebiotic substrate and acid digestion in one gut formula.","In the path of animal performance, gut health is a major key to success. Bacflora® BR is the smart mixture of an efficient probiotic with two prebiotics coming from yeast (S.cerevisiae) and chicory. Probiotic and prebiotics in Bacflora® BR help to improve the animals performance and have a direct effect against the unwanted micro-organisms in the gut. Also, organic acids and the salt of the acid in Bacflora® BR are enhancing digestion and antimicrobial effect, resulting in a better feed intake as well as a healthier gut.",Helps to improve the performance of the animals · Provides probiotics to maintain a good flora in the gut · A good alternative for growth promoters · It provides hepatic support,10 kg and 25 kg craft bag,bacflora-br
growaqua,GrowAqua,,POWDER,Farm,,FALSE,FALSE,FALSE,Aquaculture Performance,Aquaculture gut problems · Poor growth · Microflora imbalance,Aquaculture gut health · Probiotic support · Growth support,Feed efficiency · Microbial balance · NAGP,Power of Probiotic & Prebiotic,"GrowAqua is an aquaculture powder of a probiotic with a Saccharomyces cerevisiae prebiotic, special as a gut-flora mix aimed at fish and shrimp instead of a drug growth promoter.",Gut health is a major key to success. GrowAqua is the smart mixture of an efficient probiotic with a prebiotic coming from the yeast (S.cerevisiae). Probiotic and prebiotic in GrowAqua help to improve animal performance and have a direct effect against the unwanted micro-organisms in the gut.,Helps to improve the performance of the fish and shrimps · Provides probiotics to maintain good flora in the gut · A good alternative to growth promoters,"1 kg, 10 kg and 25 kg craft bags",growaqua
milq,MilQ,,POWDER,Feed,,FALSE,TRUE,FALSE,Milk & Lactation Performance,Low milk production · Poor rumen function · Metabolic stress,Milk-performance support · Rumen support · Lactation support,Liver support · Energy metabolism · Vitamin-B support,"Healthy rumen, wealthy milk","MilQ is a feed powder of rumen-protected holy thistle extract, betaine, yeast fractions, calcium propionate and B-vitamins, special for linking protected liver support with rumen-microbe nutrition for milk yield.","Special rumen-protected holy thistle extract and Betaine in MilQ help to ensure proper physiological function of the liver, metabolism and milk performance. As there is a strong link between proper rumen function and udder health, MilQ is designed to support the needs for optimal rumen functions as well. Yeast components as well as Calcium propionate work as nutritional support for rumen microbes. Especially for challenging times, Vitamin-B supply is ensured.",Rumen-protected holy thistle supports liver function · Helps ensuring metabolic functioning · Supports stabilization of rumen activity · Good energy source for rumen microbes · Helps to ensure good milking performance,10 kg and 25 kg craft bags,milq
aromax-dry,Aromax® Dry,,POWDER,Feed,,TRUE,TRUE,TRUE,Respiratory Challenges,Respiratory challenge · Low feed intake linked to respiratory stress,Respiratory support · Appetite/feed-intake support,Digestion · FCR · Weight gain · Cold/humidity stress,Boost the appetite,"Aromax Dry is a feed powder of etheric eucalyptus, thyme and mint essential oils, special as the dry-form oil synergy built to lift appetite and digestion as well as the airway.","Aromax® Dry is a rich synergic combination of etheric essential oils from eucalyptus, thyme and mint in powder form. It has especially been designed to stimulate appetite, improve feed consumption, feed conversion and weight gain, while promoting a healthy gut flora and improved digestion.",Supports young animals in case of respiratory problems · Enhances appetite and supports digestion at all ages · Helps to improve weight gain and feed conversion ratio (FCR) · Provides an additional support to the respiratory system in times of challenges such as low temperatures or high relative humidity,1 kg and 20 kg alu bags,aromax-dry
calcium-top,Calcium Top,,LIQUID,Health,,FALSE,TRUE,FALSE,Early-Life & Young-Animal Support,Milk fever · Hypocalcaemia · Calcium deficiency,Rapid calcium support · Calcium replenishment,Recovery · Mineral metabolism,Stand up again,"Calcium Top is a highly concentrated liquid of bioavailable calcium and companion minerals for calcium metabolism, special for a rapid-response milk-fever formula in a high-neck bottle.","Clinical or sub-clinical hypocalcemia eventually causes loss of appetite, paralysis, lack of movement, decrease in the functioning of smooth muscles and in some cases heart failure. Calcium Top supplies the necessary amounts of calcium and other minerals that take part in the calcium metabolism. The high concentrated minerals in this special liquid formulation are highly bio-available for a quick response. The correct application is easy because of the suitable bottle shape.",Helps to prevent milk fever · Helps to reduce subclinical hypocalcemia · In cases of clinical milk fever it helps to recover quickly,500 ml high neck bottle,calcium-top
ovostrong,Ovostrong®,,POWDER,Feed,,TRUE,FALSE,FALSE,Eggshell & Egg Quality,Poor eggshell quality · Weak shells · Mineral-utilisation problems,Eggshell strength · Calcium utilisation · Layer mineral support,Phosphorus utilisation · Gut absorption · Mineral efficiency,"Good inside, tough outside","Ovostrong is a layer feed powder of marine algae meal, phytase, essential amino acids, bioavailable phosphorus, magnesium and manganese plus coated butyric acid, special for releasing grain minerals while algae calcium and butyrate absorption back eggshell.","Ovostrong® is formulated to supply all needs to support laying hens, especially in high production periods, and in older ages after week 40. The combination of marine algae meal, phytase, essential amino acids, highly bioavailable minerals such as phosphorous, magnesium, manganese, and finally coated butyric acid cover all requirements that are needed for the optimum egg laying performance. In Breeders this has a positive effect diminishing hidden eggshell cracks and supporting hatchability rates.","Marine algeal meal contains calcium and magnesium as well as trace elements in a high available form. This increases the eggshell quality · Butyric acid increases the villus proliferation in the small intestine. This ensures absorption · Provides minerals that take part in egg shell formation · High quality phytase eliminates phytic acid, releasing all available calcium and phosphorus from grains",10 kg and 25 kg craft bags,ovostrong
vital-bee,Vital Bee,,LIQUID,Farm,,FALSE,FALSE,FALSE,Vitamin & Nutritional Support,Poor bee nutrition · Low colony productivity · Brooding demand,Bee nutrition · Protein/amino-acid/vitamin support · Brooding support,Energy · Feed attractiveness · Environmental-stress support,Bee productive,"Vital Bee is a ready-to-use liquid of vitamins, energy and organic amino acids from hydrolysed soy protein, special for bee-attractive taste plus bioavailable protein for brooding.","Vital Bee is a ready to use vitamin, protein and energy solution for bees in production. Organic source amino acids from hydrolyzed soy protein are easily bioavailable for better performance. The balanced vitamin combination helps to support bees for external conditions. The aroma and taste of Vital Bee are attractive for bees, supporting the intake.","Ready-to-use vitamin, protein and amino acid rich mixture · Supports higher brooding and provides energy · Attractive taste for bees","250 ml, 500 ml and 1 l bottle, 5 l and 25 l canister",vital-bee
vitaquamix,Vitaquamix,,POWDER,Feed,,FALSE,FALSE,FALSE,Aquaculture Performance,Aquaculture nutritional deficiency · Poor growth · Stress,Aquaculture vitamin/mineral/amino-acid support · Growth support,Immunity · Livability · Uniformity · Stress resistance,From hatch to harvest,"Vitaquamix is an aquaculture powder of bioavailable vitamins, minerals and amino acids plus FOS and yeast MOS, special for pairing nutrient density with prebiotic immune support from hatch to harvest.","Vitaquamix supplies essential vitamins, minerals and amino acids to improve growth rate and performance of aqua species. Helps to increase resistance against diseases and stress. Highly bioavailable vitamins and amino acids ensure maximum efficacy. Additionally, Fructooligosaccharides (FOS) and yeast extract (MOS) boost the immune system to support againts stress condition.",Uniform growth · Resistance to stress · Increased livability · Cost efficient rearing,10 kg and 25 kg craft bags,vitaquamix
