trial_id,product_ids,display_product,historical_product_name,species_tags,challenge_tags,country,year,sample_size,duration,dosage,comparator,evidence_type,evidence_strength,headline,customer_facing_summary,result_index,result_metric,control_value,treatment_value,unit,effect_or_note,source_pdf_pages,source_document
42degree-aromax-broiler-thailand-2024,42-degree|aromax,42 Degree + Aromax,,broiler,heat-stress|mortality|respiratory-pressure,Thailand,2024,290000,Day 31-39,"42 Degree 1 L/1,000 L water; Aromax 100 mL/1,000 L water",,field-trial,5,"290,000-broiler heat-stress field trial","In a 290,000-broiler field trial in Thailand, 42 Degree + Aromax supported thermoregulation and reduced mortality under temperatures as high as 42°C.",1,Body temperature,41.3,40.6,°C,,4|5,Science in the Field Booklet.pdf
42degree-aromax-broiler-thailand-2024,42-degree|aromax,42 Degree + Aromax,,broiler,heat-stress|mortality|respiratory-pressure,Thailand,2024,290000,Day 31-39,"42 Degree 1 L/1,000 L water; Aromax 100 mL/1,000 L water",,field-trial,5,"290,000-broiler heat-stress field trial","In a 290,000-broiler field trial in Thailand, 42 Degree + Aromax supported thermoregulation and reduced mortality under temperatures as high as 42°C.",2,Control body temperature,40.9,40.8,°C,,4|5,Science in the Field Booklet.pdf
42degree-aromax-broiler-thailand-2024,42-degree|aromax,42 Degree + Aromax,,broiler,heat-stress|mortality|respiratory-pressure,Thailand,2024,290000,Day 31-39,"42 Degree 1 L/1,000 L water; Aromax 100 mL/1,000 L water",,field-trial,5,"290,000-broiler heat-stress field trial","In a 290,000-broiler field trial in Thailand, 42 Degree + Aromax supported thermoregulation and reduced mortality under temperatures as high as 42°C.",3,Trial-period mortality,6.32,4.76,%,-24%,4|5,Science in the Field Booklet.pdf
42degree-aromax-broiler-thailand-2024,42-degree|aromax,42 Degree + Aromax,,broiler,heat-stress|mortality|respiratory-pressure,Thailand,2024,290000,Day 31-39,"42 Degree 1 L/1,000 L water; Aromax 100 mL/1,000 L water",,field-trial,5,"290,000-broiler heat-stress field trial","In a 290,000-broiler field trial in Thailand, 42 Degree + Aromax supported thermoregulation and reduced mortality under temperatures as high as 42°C.",4,Overall mortality,4.13,3.74,%,-9%,4|5,Science in the Field Booklet.pdf
42degree-nursery-pigs-thailand-2019,42-degree,42 Degree,,swine,heat-stress|vaccine-reaction|fcr-weight-gain|calf-piglet-start,Thailand,2019,60,71 days,1 mL/pig/day,,controlled-trial,4,Nursery-pig setback and growth trial,42 Degree supported growth during the post-weaning setback period and reduced adverse inflammatory responses associated with stress and vaccination.,1,Final body weight,28.3,31.3,kg,,6|7,Science in the Field Booklet.pdf
42degree-nursery-pigs-thailand-2019,42-degree,42 Degree,,swine,heat-stress|vaccine-reaction|fcr-weight-gain|calf-piglet-start,Thailand,2019,60,71 days,1 mL/pig/day,,controlled-trial,4,Nursery-pig setback and growth trial,42 Degree supported growth during the post-weaning setback period and reduced adverse inflammatory responses associated with stress and vaccination.,2,ADG day 71,856.4,993.33,g/day,,6|7,Science in the Field Booklet.pdf
42degree-nursery-pigs-thailand-2019,42-degree,42 Degree,,swine,heat-stress|vaccine-reaction|fcr-weight-gain|calf-piglet-start,Thailand,2019,60,71 days,1 mL/pig/day,,controlled-trial,4,Nursery-pig setback and growth trial,42 Degree supported growth during the post-weaning setback period and reduced adverse inflammatory responses associated with stress and vaccination.,3,Inflammatory markers,,,,Lower adverse IL-6/PGE2 response reported,6|7,Science in the Field Booklet.pdf
42degree-sow-thailand-2021,42-degree,42 Degree,,swine,heat-stress|calf-piglet-start|antibiotic-reduction,Thailand,2021,10,5 days postpartum,5 mL/sow/day for 5 days,,field-trial,3,Farrowing-sow wellbeing trial,Sows receiving 42 Degree showed lower day-5 body temperature and lower application cost than the Tolfenamic Acid comparison.,1,Day-5 temperature advantage,,-0.5,°C vs comparator,,8|9,Science in the Field Booklet.pdf
42degree-sow-thailand-2021,42-degree,42 Degree,,swine,heat-stress|calf-piglet-start|antibiotic-reduction,Thailand,2021,10,5 days postpartum,5 mL/sow/day for 5 days,,field-trial,3,Farrowing-sow wellbeing trial,Sows receiving 42 Degree showed lower day-5 body temperature and lower application cost than the Tolfenamic Acid comparison.,2,Application cost reduction,,,%,-81%,8|9,Science in the Field Booklet.pdf
42degree-sow-thailand-2021,42-degree,42 Degree,,swine,heat-stress|calf-piglet-start|antibiotic-reduction,Thailand,2021,10,5 days postpartum,5 mL/sow/day for 5 days,,field-trial,3,Farrowing-sow wellbeing trial,Sows receiving 42 Degree showed lower day-5 body temperature and lower application cost than the Tolfenamic Acid comparison.,3,Saving,,1.9,EUR/sow,,8|9,Science in the Field Booklet.pdf
aromax-broiler-bangladesh-2016,aromax,Aromax,,broiler,respiratory-pressure|mortality|fcr-weight-gain,Bangladesh,2016,,42 days,1 mL/10 L water,,field-trial,4,Broiler performance and respiratory trial,"Aromax improved weight gain and FCR, reduced mortality, and respiratory distress improved in the treated flock.",1,ADWG,0.782,0.791,kg,+1.15%,10|11,Science in the Field Booklet.pdf
aromax-broiler-bangladesh-2016,aromax,Aromax,,broiler,respiratory-pressure|mortality|fcr-weight-gain,Bangladesh,2016,,42 days,1 mL/10 L water,,field-trial,4,Broiler performance and respiratory trial,"Aromax improved weight gain and FCR, reduced mortality, and respiratory distress improved in the treated flock.",2,FCR,1.739,1.615,ratio,-7.13%,10|11,Science in the Field Booklet.pdf
aromax-broiler-bangladesh-2016,aromax,Aromax,,broiler,respiratory-pressure|mortality|fcr-weight-gain,Bangladesh,2016,,42 days,1 mL/10 L water,,field-trial,4,Broiler performance and respiratory trial,"Aromax improved weight gain and FCR, reduced mortality, and respiratory distress improved in the treated flock.",3,Feed consumption,,,%,+2.5%,10|11,Science in the Field Booklet.pdf
aromax-broiler-bangladesh-2016,aromax,Aromax,,broiler,respiratory-pressure|mortality|fcr-weight-gain,Bangladesh,2016,,42 days,1 mL/10 L water,,field-trial,4,Broiler performance and respiratory trial,"Aromax improved weight gain and FCR, reduced mortality, and respiratory distress improved in the treated flock.",4,Mortality,,,%,-15%,10|11,Science in the Field Booklet.pdf
aromax-broiler-brazil-2023,aromax,Aromax,,broiler,fcr-weight-gain|carcass-quality|mortality,Brazil,2023,41200,49 days,"100 mL/1,000 L water",,field-trial,5,"41,200-broiler ROI and carcass trial","Aromax improved FCR and final weight, reduced carcass condemnation, and generated positive ROI.",1,Average weight,3.08,3.15,kg,,12|13,Science in the Field Booklet.pdf
aromax-broiler-brazil-2023,aromax,Aromax,,broiler,fcr-weight-gain|carcass-quality|mortality,Brazil,2023,41200,49 days,"100 mL/1,000 L water",,field-trial,5,"41,200-broiler ROI and carcass trial","Aromax improved FCR and final weight, reduced carcass condemnation, and generated positive ROI.",2,FCR,1.99,1.81,ratio,-9%,12|13,Science in the Field Booklet.pdf
aromax-broiler-brazil-2023,aromax,Aromax,,broiler,fcr-weight-gain|carcass-quality|mortality,Brazil,2023,41200,49 days,"100 mL/1,000 L water",,field-trial,5,"41,200-broiler ROI and carcass trial","Aromax improved FCR and final weight, reduced carcass condemnation, and generated positive ROI.",3,Feed consumption,117128,108772,kg,-7%,12|13,Science in the Field Booklet.pdf
aromax-broiler-brazil-2023,aromax,Aromax,,broiler,fcr-weight-gain|carcass-quality|mortality,Brazil,2023,41200,49 days,"100 mL/1,000 L water",,field-trial,5,"41,200-broiler ROI and carcass trial","Aromax improved FCR and final weight, reduced carcass condemnation, and generated positive ROI.",4,Carcass condemnation,2072,1409,broilers,-32%,12|13,Science in the Field Booklet.pdf
aromax-broiler-brazil-2023,aromax,Aromax,,broiler,fcr-weight-gain|carcass-quality|mortality,Brazil,2023,41200,49 days,"100 mL/1,000 L water",,field-trial,5,"41,200-broiler ROI and carcass trial","Aromax improved FCR and final weight, reduced carcass condemnation, and generated positive ROI.",5,ROI,,235,%,,12|13,Science in the Field Booklet.pdf
aromax-broiler-iraq-newcastle-2017,aromax,Aromax,,broiler,respiratory-pressure|vaccine-reaction|fcr-weight-gain,Iraq,2017,210,35 days,0.2 mL/L water and/or 2 mL/L spray,,published-study,5,Newcastle-vaccination respiratory and immunity study,"Aromax groups showed healthier air sacs, stronger local/humoral immune response and higher performance.",1,Air-sac lesion score,3,0.33,score,p<0.05,14|15,Science in the Field Booklet.pdf
aromax-broiler-iraq-newcastle-2017,aromax,Aromax,,broiler,respiratory-pressure|vaccine-reaction|fcr-weight-gain,Iraq,2017,210,35 days,0.2 mL/L water and/or 2 mL/L spray,,published-study,5,Newcastle-vaccination respiratory and immunity study,"Aromax groups showed healthier air sacs, stronger local/humoral immune response and higher performance.",2,IgA,,,,Significantly higher,14|15,Science in the Field Booklet.pdf
aromax-broiler-iraq-newcastle-2017,aromax,Aromax,,broiler,respiratory-pressure|vaccine-reaction|fcr-weight-gain,Iraq,2017,210,35 days,0.2 mL/L water and/or 2 mL/L spray,,published-study,5,Newcastle-vaccination respiratory and immunity study,"Aromax groups showed healthier air sacs, stronger local/humoral immune response and higher performance.",3,NDV titre,,,,Significantly higher in G3,14|15,Science in the Field Booklet.pdf
aromax-broiler-iraq-newcastle-2017,aromax,Aromax,,broiler,respiratory-pressure|vaccine-reaction|fcr-weight-gain,Iraq,2017,210,35 days,0.2 mL/L water and/or 2 mL/L spray,,published-study,5,Newcastle-vaccination respiratory and immunity study,"Aromax groups showed healthier air sacs, stronger local/humoral immune response and higher performance.",4,AST/ALT,,,,Significantly lower in G3/G4,14|15,Science in the Field Booklet.pdf
aromax-broiler-iraq-ibv-2019,aromax,Aromax,,broiler,respiratory-pressure|vaccine-reaction,Iraq,2019,210,35 days,0.2 mL/L water daily and/or 2 mL/L spray twice weekly,,controlled-trial,4,IBV vaccine-response trial,Aromax improved the antibody response to infectious bronchitis vaccination.,1,IBV antibody titre,,,,G4 highest significant response at days 25 and 35; P<0.05,16|17,Science in the Field Booklet.pdf
aromax-broiler-thailand-2016,aromax,Aromax,,broiler,fcr-weight-gain|gut-health,Thailand,2016,600,42 days,1 mL/10 L water,,academic-study,5,"Broiler growth, FCR and villus-health trial",Aromax improved late-cycle body-weight gain and FCR and increased jejunal villus height.,1,BW gain days 36-42,,,%,+11.9%,18|19,Science in the Field Booklet.pdf
aromax-broiler-thailand-2016,aromax,Aromax,,broiler,fcr-weight-gain|gut-health,Thailand,2016,600,42 days,1 mL/10 L water,,academic-study,5,"Broiler growth, FCR and villus-health trial",Aromax improved late-cycle body-weight gain and FCR and increased jejunal villus height.,2,FCR days 36-42,,,%,-6.7%,18|19,Science in the Field Booklet.pdf
aromax-broiler-thailand-2016,aromax,Aromax,,broiler,fcr-weight-gain|gut-health,Thailand,2016,600,42 days,1 mL/10 L water,,academic-study,5,"Broiler growth, FCR and villus-health trial",Aromax improved late-cycle body-weight gain and FCR and increased jejunal villus height.,3,Villus height day 15,900,960,µm,,18|19,Science in the Field Booklet.pdf
aromax-broiler-thailand-2016,aromax,Aromax,,broiler,fcr-weight-gain|gut-health,Thailand,2016,600,42 days,1 mL/10 L water,,academic-study,5,"Broiler growth, FCR and villus-health trial",Aromax improved late-cycle body-weight gain and FCR and increased jejunal villus height.,4,Villus height day 21,950,970,µm,,18|19,Science in the Field Booklet.pdf
aromax-dry-calf-china-2022,aromax-dry,Aromax Dry,,ruminant,respiratory-pressure|gut-health|calf-piglet-start|mortality,China,2022,359,Oct 2021-Mar 2022,,,historical-control-field-trial,3,Calf disease-incidence field trial,Aromax Dry was associated with lower overall digestive and respiratory disease incidence than the historical control period.,1,Disease incidence,36.45,20,%,-45%,20|21,Science in the Field Booklet.pdf
aromax-dry-calf-china-2022,aromax-dry,Aromax Dry,,ruminant,respiratory-pressure|gut-health|calf-piglet-start|mortality,China,2022,359,Oct 2021-Mar 2022,,,historical-control-field-trial,3,Calf disease-incidence field trial,Aromax Dry was associated with lower overall digestive and respiratory disease incidence than the historical control period.,2,Affected calves,78,29,head,,20|21,Science in the Field Booklet.pdf
aromax-dry-layer-peru-2024,aromax-dry,Aromax Dry,,layer,egg-performance|fcr-weight-gain,Peru,2024,34615,8 weeks,250 or 350 g/ton feed,,field-trial,5,"34,615-layer egg-production and ROI trial","Aromax Dry increased egg production and improved feed efficiency per 10,000 eggs, with positive ROI.",1,Egg production 250 g/t,83.1,84.91,%,+2.18%,22|23,Science in the Field Booklet.pdf
aromax-dry-layer-peru-2024,aromax-dry,Aromax Dry,,layer,egg-performance|fcr-weight-gain,Peru,2024,34615,8 weeks,250 or 350 g/ton feed,,field-trial,5,"34,615-layer egg-production and ROI trial","Aromax Dry increased egg production and improved feed efficiency per 10,000 eggs, with positive ROI.",2,Egg production 350 g/t,83.1,86.4,%,+3.97%,22|23,Science in the Field Booklet.pdf
aromax-dry-layer-peru-2024,aromax-dry,Aromax Dry,,layer,egg-performance|fcr-weight-gain,Peru,2024,34615,8 weeks,250 or 350 g/ton feed,,field-trial,5,"34,615-layer egg-production and ROI trial","Aromax Dry increased egg production and improved feed efficiency per 10,000 eggs, with positive ROI.",3,"Feed/10,000 eggs 250",1420,1410,kg,,22|23,Science in the Field Booklet.pdf
aromax-dry-layer-peru-2024,aromax-dry,Aromax Dry,,layer,egg-performance|fcr-weight-gain,Peru,2024,34615,8 weeks,250 or 350 g/ton feed,,field-trial,5,"34,615-layer egg-production and ROI trial","Aromax Dry increased egg production and improved feed efficiency per 10,000 eggs, with positive ROI.",4,"Feed/10,000 eggs 350",1420,1400,kg,,22|23,Science in the Field Booklet.pdf
aromax-dry-layer-peru-2024,aromax-dry,Aromax Dry,,layer,egg-performance|fcr-weight-gain,Peru,2024,34615,8 weeks,250 or 350 g/ton feed,,field-trial,5,"34,615-layer egg-production and ROI trial","Aromax Dry increased egg production and improved feed efficiency per 10,000 eggs, with positive ROI.",5,ROI ratio 250,,1:2.8,,,22|23,Science in the Field Booklet.pdf
aromax-dry-layer-peru-2024,aromax-dry,Aromax Dry,,layer,egg-performance|fcr-weight-gain,Peru,2024,34615,8 weeks,250 or 350 g/ton feed,,field-trial,5,"34,615-layer egg-production and ROI trial","Aromax Dry increased egg production and improved feed efficiency per 10,000 eggs, with positive ROI.",6,ROI ratio 350,,1:4.63,,,22|23,Science in the Field Booklet.pdf
aromax-dry-piglet-brazil-2022,aromax-dry,Aromax Dry,,swine,respiratory-pressure|gut-health|mortality|fcr-weight-gain|calf-piglet-start,Brazil,2022,12042,45 days,250 g/ton feed,,field-trial,5,"12,042-piglet FCR and mortality trial",Aromax Dry improved FCR and reduced mortality versus control.,1,FCR,,,ratio,-7.1%; -0.12 points,24|25,Science in the Field Booklet.pdf
aromax-dry-piglet-brazil-2022,aromax-dry,Aromax Dry,,swine,respiratory-pressure|gut-health|mortality|fcr-weight-gain|calf-piglet-start,Brazil,2022,12042,45 days,250 g/ton feed,,field-trial,5,"12,042-piglet FCR and mortality trial",Aromax Dry improved FCR and reduced mortality versus control.,2,Mortality,3.37,2.73,%,-19%,24|25,Science in the Field Booklet.pdf
cal-d-phos-layer-peru-2014,cal-d-phos,Cal D Phos,,layer,eggshell-quality|mortality|egg-performance,Peru,2014,,,,,field-trial,4,"Layer eggshell, mortality and prolapse trial","Cal D Phos reduced broken eggs, mortality and prolapse compared with a competitor.",1,Broken eggs,1.53,1.39,%,-9.15%,26|27,Science in the Field Booklet.pdf
cal-d-phos-layer-peru-2014,cal-d-phos,Cal D Phos,,layer,eggshell-quality|mortality|egg-performance,Peru,2014,,,,,field-trial,4,"Layer eggshell, mortality and prolapse trial","Cal D Phos reduced broken eggs, mortality and prolapse compared with a competitor.",2,Mortality,1.302,0.804,%,-38.25%,26|27,Science in the Field Booklet.pdf
cal-d-phos-layer-peru-2014,cal-d-phos,Cal D Phos,,layer,eggshell-quality|mortality|egg-performance,Peru,2014,,,,,field-trial,4,"Layer eggshell, mortality and prolapse trial","Cal D Phos reduced broken eggs, mortality and prolapse compared with a competitor.",3,Prolapse,1.037,0.471,%,-54.58%,26|27,Science in the Field Booklet.pdf
cal-d-phos-layer-korea-2016,cal-d-phos,Cal D Phos,,layer,eggshell-quality,South Korea,2016,30000,,,,field-trial,4,"30,000-layer eggshell-thickness trial",Cal D Phos increased eggshell thickness in both tested houses.,1,House 1 shell thickness,0.48,0.59,mm,+22.92%,28|29,Science in the Field Booklet.pdf
cal-d-phos-layer-korea-2016,cal-d-phos,Cal D Phos,,layer,eggshell-quality,South Korea,2016,30000,,,,field-trial,4,"30,000-layer eggshell-thickness trial",Cal D Phos increased eggshell thickness in both tested houses.,2,House 2 shell thickness,0.53,0.66,mm,+24.53%,28|29,Science in the Field Booklet.pdf
calcium-top-cow-germany-2024,calcium-top,Calcium Top,,ruminant,milk-yield|calf-piglet-start,Germany,2024,6,7 days,0.5 L once within 24h post-calving,,small-field-trial,2,Post-calving milk-production trial,Cows receiving Calcium Top produced more milk on average during the seven-day observation.,1,Average milk production,,,%,+20.6%,30|31,Science in the Field Booklet.pdf
calcium-top-cow-germany-2024,calcium-top,Calcium Top,,ruminant,milk-yield|calf-piglet-start,Germany,2024,6,7 days,0.5 L once within 24h post-calving,,small-field-trial,2,Post-calving milk-production trial,Cows receiving Calcium Top produced more milk on average during the seven-day observation.,2,Average daily difference,,5.4,L/cow/day,,30|31,Science in the Field Booklet.pdf
calcium-top-cow-germany-2024,calcium-top,Calcium Top,,ruminant,milk-yield|calf-piglet-start,Germany,2024,6,7 days,0.5 L once within 24h post-calving,,small-field-trial,2,Post-calving milk-production trial,Cows receiving Calcium Top produced more milk on average during the seven-day observation.,3,Day 7 milk,34.3,40,L/cow/day,,30|31,Science in the Field Booklet.pdf
drymax-broiler-indonesia-2019,drymax,Drymax,,broiler,respiratory-pressure|water-quality|leg-problems,Indonesia,2019,50652,35 days,50 g/m² litter,,field-trial,4,Broiler litter and ammonia trial,Drymax improved litter quality and reduced ammonia compared with control.,1,Litter quality score,3.5,4.2,score,,32|33,Science in the Field Booklet.pdf
drymax-broiler-indonesia-2019,drymax,Drymax,,broiler,respiratory-pressure|water-quality|leg-problems,Indonesia,2019,50652,35 days,50 g/m² litter,,field-trial,4,Broiler litter and ammonia trial,Drymax improved litter quality and reduced ammonia compared with control.,2,Ammonia score,5.4,4.4,score,,32|33,Science in the Field Booklet.pdf
garvit-pro-shrimp-vietnam-2020,garvit-pro,GarVit Pro,,aquaculture,gut-health|mortality|fcr-weight-gain,Vietnam,2020,250000,Day 15-140,5 mL/kg feed daily,,historical-control-field-trial,3,"250,000-shrimp survival and FCR trial",GarVit Pro production achieved higher survival and slightly better FCR than the previous crop.,1,Survival,89,92,%,,34|35,Science in the Field Booklet.pdf
garvit-pro-shrimp-vietnam-2020,garvit-pro,GarVit Pro,,aquaculture,gut-health|mortality|fcr-weight-gain,Vietnam,2020,250000,Day 15-140,5 mL/kg feed daily,,historical-control-field-trial,3,"250,000-shrimp survival and FCR trial",GarVit Pro production achieved higher survival and slightly better FCR than the previous crop.,2,FCR,1.53,1.5,ratio,,34|35,Science in the Field Booklet.pdf
globiotic-calf-germany-2024-a,globiotic,Globiotic,,ruminant,calf-piglet-start|fcr-weight-gain|gut-health,Germany,2024,12,4 weeks,50 g/day in milk for 5 days,,small-field-trial,2,Young-calf ADG trial,Calves receiving Globiotic had higher average daily gain and finished heavier.,1,ADG,0.63,1.31,kg/day,,36|37,Science in the Field Booklet.pdf
globiotic-calf-germany-2024-a,globiotic,Globiotic,,ruminant,calf-piglet-start|fcr-weight-gain|gut-health,Germany,2024,12,4 weeks,50 g/day in milk for 5 days,,small-field-trial,2,Young-calf ADG trial,Calves receiving Globiotic had higher average daily gain and finished heavier.,2,Final weight,60,68,kg,,36|37,Science in the Field Booklet.pdf
globiotic-calf-germany-2024-a,globiotic,Globiotic,,ruminant,calf-piglet-start|fcr-weight-gain|gut-health,Germany,2024,12,4 weeks,50 g/day in milk for 5 days,,small-field-trial,2,Young-calf ADG trial,Calves receiving Globiotic had higher average daily gain and finished heavier.,3,Weight difference,,8,kg,,36|37,Science in the Field Booklet.pdf
globiotic-calf-germany-2024-b,globiotic,Globiotic,,ruminant,calf-piglet-start|fcr-weight-gain,Germany,2024,30,4 weeks,50 g/head/day,,small-controlled-trial,3,Replicated young-calf weight trial,"Across three replicates, Globiotic calves consistently finished heavier than controls.",1,Week-4 weight,64.5,66.5,kg,,38|39,Science in the Field Booklet.pdf
globiotic-calf-germany-2024-b,globiotic,Globiotic,,ruminant,calf-piglet-start|fcr-weight-gain,Germany,2024,30,4 weeks,50 g/head/day,,small-controlled-trial,3,Replicated young-calf weight trial,"Across three replicates, Globiotic calves consistently finished heavier than controls.",2,Replicate 2 gain,,21.9,kg,,38|39,Science in the Field Booklet.pdf
globiotic-calf-germany-2024-b,globiotic,Globiotic,,ruminant,calf-piglet-start|fcr-weight-gain,Germany,2024,30,4 weeks,50 g/head/day,,small-controlled-trial,3,Replicated young-calf weight trial,"Across three replicates, Globiotic calves consistently finished heavier than controls.",3,Replicate 3 gain,,21.5,kg,,38|39,Science in the Field Booklet.pdf
kokonill-broiler-sudan,kokonill,Kokonill,,broiler,fcr-weight-gain|mortality|gut-health,Sudan,,3000,14 days,1 mL/L final,,field-trial,4,Broiler growth and mortality trial,Kokonill-treated broilers had higher daily gain and lower mortality than control.,1,Mortality,3.6,2,%,,40|41,Science in the Field Booklet.pdf
kokonill-broiler-sudan,kokonill,Kokonill,,broiler,fcr-weight-gain|mortality|gut-health,Sudan,,3000,14 days,1 mL/L final,,field-trial,4,Broiler growth and mortality trial,Kokonill-treated broilers had higher daily gain and lower mortality than control.,2,Day-42 weight,1768,1828,g,,40|41,Science in the Field Booklet.pdf
kokonill-broiler-sudan,kokonill,Kokonill,,broiler,fcr-weight-gain|mortality|gut-health,Sudan,,3000,14 days,1 mL/L final,,field-trial,4,Broiler growth and mortality trial,Kokonill-treated broilers had higher daily gain and lower mortality than control.,3,Weight gain,786,861,g,,40|41,Science in the Field Booklet.pdf
kokonill-broiler-sudan,kokonill,Kokonill,,broiler,fcr-weight-gain|mortality|gut-health,Sudan,,3000,14 days,1 mL/L final,,field-trial,4,Broiler growth and mortality trial,Kokonill-treated broilers had higher daily gain and lower mortality than control.,4,ADG,56.1,61.5,g/day,,40|41,Science in the Field Booklet.pdf
metavolin-herbal-layer-philippines-2020,metavolin-herbal,Metavolin Herbal,,layer,egg-performance|liver-kidney-stress|eggshell-quality,Philippines,2020,71942,6 weeks,"1 L/1,000 L water",,field-trial,5,"71,942-layer pre-peak and peak trial","Metavolin Herbal improved laying rate, egg quality and Haugh Unit freshness measures.",1,End laying rate,,,%,+3.18% vs control; p≤0.05,42|43,Science in the Field Booklet.pdf
metavolin-herbal-layer-philippines-2020,metavolin-herbal,Metavolin Herbal,,layer,egg-performance|liver-kidney-stress|eggshell-quality,Philippines,2020,71942,6 weeks,"1 L/1,000 L water",,field-trial,5,"71,942-layer pre-peak and peak trial","Metavolin Herbal improved laying rate, egg quality and Haugh Unit freshness measures.",2,Haugh Unit day 35,,5.88,HU above control,p≤0.05,42|43,Science in the Field Booklet.pdf
metavolin-herbal-layer-philippines-2020,metavolin-herbal,Metavolin Herbal,,layer,egg-performance|liver-kidney-stress|eggshell-quality,Philippines,2020,71942,6 weeks,"1 L/1,000 L water",,field-trial,5,"71,942-layer pre-peak and peak trial","Metavolin Herbal improved laying rate, egg quality and Haugh Unit freshness measures.",3,Haugh Unit end,,3.11,HU above control,,42|43,Science in the Field Booklet.pdf
metavolin-herbal-layer-philippines-2020,metavolin-herbal,Metavolin Herbal,,layer,egg-performance|liver-kidney-stress|eggshell-quality,Philippines,2020,71942,6 weeks,"1 L/1,000 L water",,field-trial,5,"71,942-layer pre-peak and peak trial","Metavolin Herbal improved laying rate, egg quality and Haugh Unit freshness measures.",4,Cracked eggs,,,,Significantly lower,42|43,Science in the Field Booklet.pdf
mould-guard-diamond-spain-2025,mould-guard-diamond,Mould Guard Diamond,,broiler|layer|ruminant|swine|aquaculture,feed-storage-mould|mycotoxins,Spain,2025,,5-day in-vitro/feed simulation,,,laboratory-feed-trial,5,Fusarium and Aspergillus feed-contamination trials,Mould Guard Diamond strongly reduced Fusarium and Aspergillus fungal loads in contaminated feed.,1,Fusarium 500 g/t,212000,61000,spores/g,-71%,44|45,Science in the Field Booklet.pdf
mould-guard-diamond-spain-2025,mould-guard-diamond,Mould Guard Diamond,,broiler|layer|ruminant|swine|aquaculture,feed-storage-mould|mycotoxins,Spain,2025,,5-day in-vitro/feed simulation,,,laboratory-feed-trial,5,Fusarium and Aspergillus feed-contamination trials,Mould Guard Diamond strongly reduced Fusarium and Aspergillus fungal loads in contaminated feed.,2,"Fusarium 1,000 g/t",212000,12000,spores/g,-94%,44|45,Science in the Field Booklet.pdf
mould-guard-diamond-spain-2025,mould-guard-diamond,Mould Guard Diamond,,broiler|layer|ruminant|swine|aquaculture,feed-storage-mould|mycotoxins,Spain,2025,,5-day in-vitro/feed simulation,,,laboratory-feed-trial,5,Fusarium and Aspergillus feed-contamination trials,Mould Guard Diamond strongly reduced Fusarium and Aspergillus fungal loads in contaminated feed.,3,"Fusarium 2,000 g/t",212000,"<1,000",spores/g,>99%,44|45,Science in the Field Booklet.pdf
mould-guard-diamond-spain-2025,mould-guard-diamond,Mould Guard Diamond,,broiler|layer|ruminant|swine|aquaculture,feed-storage-mould|mycotoxins,Spain,2025,,5-day in-vitro/feed simulation,,,laboratory-feed-trial,5,Fusarium and Aspergillus feed-contamination trials,Mould Guard Diamond strongly reduced Fusarium and Aspergillus fungal loads in contaminated feed.,4,Total fungal load,400000,21000,spores/g,-94.75%,44|45,Science in the Field Booklet.pdf
mould-guard-diamond-spain-2025,mould-guard-diamond,Mould Guard Diamond,,broiler|layer|ruminant|swine|aquaculture,feed-storage-mould|mycotoxins,Spain,2025,,5-day in-vitro/feed simulation,,,laboratory-feed-trial,5,Fusarium and Aspergillus feed-contamination trials,Mould Guard Diamond strongly reduced Fusarium and Aspergillus fungal loads in contaminated feed.,5,Fusarium in feed,348000,15000,spores/g,-95.70%,44|45,Science in the Field Booklet.pdf
mould-guard-diamond-spain-2025,mould-guard-diamond,Mould Guard Diamond,,broiler|layer|ruminant|swine|aquaculture,feed-storage-mould|mycotoxins,Spain,2025,,5-day in-vitro/feed simulation,,,laboratory-feed-trial,5,Fusarium and Aspergillus feed-contamination trials,Mould Guard Diamond strongly reduced Fusarium and Aspergillus fungal loads in contaminated feed.,6,Aspergillus in feed,52000,6000,spores/g,-88.50%,44|45,Science in the Field Booklet.pdf
novosol-broiler-hungary-2019,novosol,Novosol,,broiler,gut-health|mortality|fcr-weight-gain|antibiotic-reduction,Hungary,2019,10260,42 days,,,field-trial,4,Broiler mortality and body-weight trial,A short Novosol application was followed by lower mortality and higher final body weight.,1,Final mortality,272,188,birds,-30%,46|47,Science in the Field Booklet.pdf
novosol-broiler-hungary-2019,novosol,Novosol,,broiler,gut-health|mortality|fcr-weight-gain|antibiotic-reduction,Hungary,2019,10260,42 days,,,field-trial,4,Broiler mortality and body-weight trial,A short Novosol application was followed by lower mortality and higher final body weight.,2,Final weight advantage,,360,g/bird,,46|47,Science in the Field Booklet.pdf
novosol-broiler-lithuania-2022,novosol,Novosol,,broiler,gut-health|mortality|fcr-weight-gain|antibiotic-reduction,Lithuania,2022,52979,41/43 days,,,field-trial,5,"52,979-broiler antibiotic-comparator trial","Compared with an amoxicillin-treated control, Novosol showed better performance and intestinal morphology.",1,Weight,1859,1954,g,,48|49,Science in the Field Booklet.pdf
novosol-broiler-lithuania-2022,novosol,Novosol,,broiler,gut-health|mortality|fcr-weight-gain|antibiotic-reduction,Lithuania,2022,52979,41/43 days,,,field-trial,5,"52,979-broiler antibiotic-comparator trial","Compared with an amoxicillin-treated control, Novosol showed better performance and intestinal morphology.",2,Mortality,2.06,2.03,%,,48|49,Science in the Field Booklet.pdf
novosol-broiler-lithuania-2022,novosol,Novosol,,broiler,gut-health|mortality|fcr-weight-gain|antibiotic-reduction,Lithuania,2022,52979,41/43 days,,,field-trial,5,"52,979-broiler antibiotic-comparator trial","Compared with an amoxicillin-treated control, Novosol showed better performance and intestinal morphology.",3,FCR,1.69,1.66,ratio,,48|49,Science in the Field Booklet.pdf
novosol-broiler-lithuania-2022,novosol,Novosol,,broiler,gut-health|mortality|fcr-weight-gain|antibiotic-reduction,Lithuania,2022,52979,41/43 days,,,field-trial,5,"52,979-broiler antibiotic-comparator trial","Compared with an amoxicillin-treated control, Novosol showed better performance and intestinal morphology.",4,Mucosal thickness,438,561,µm,,48|49,Science in the Field Booklet.pdf
novovital-broiler-bangladesh-2023,novovital,NovoVital,,broiler,gut-health|mortality|fcr-weight-gain|antibiotic-reduction,Bangladesh,2023,180,28 days,0.5/1.0/2.0 mL/L,,controlled-trial,5,"Broiler growth, FCR and survivability trial","NovoVital improved body weight, FCR and survivability versus control.",1,Final BW,1593,1662,g,+4.33%,50|51,Science in the Field Booklet.pdf
novovital-broiler-bangladesh-2023,novovital,NovoVital,,broiler,gut-health|mortality|fcr-weight-gain|antibiotic-reduction,Bangladesh,2023,180,28 days,0.5/1.0/2.0 mL/L,,controlled-trial,5,"Broiler growth, FCR and survivability trial","NovoVital improved body weight, FCR and survivability versus control.",2,Overall BW,,,%,+4.84%,50|51,Science in the Field Booklet.pdf
novovital-broiler-bangladesh-2023,novovital,NovoVital,,broiler,gut-health|mortality|fcr-weight-gain|antibiotic-reduction,Bangladesh,2023,180,28 days,0.5/1.0/2.0 mL/L,,controlled-trial,5,"Broiler growth, FCR and survivability trial","NovoVital improved body weight, FCR and survivability versus control.",3,Week-4 FCR,1.51,1.43,ratio,-5.30%,50|51,Science in the Field Booklet.pdf
novovital-broiler-bangladesh-2023,novovital,NovoVital,,broiler,gut-health|mortality|fcr-weight-gain|antibiotic-reduction,Bangladesh,2023,180,28 days,0.5/1.0/2.0 mL/L,,controlled-trial,5,"Broiler growth, FCR and survivability trial","NovoVital improved body weight, FCR and survivability versus control.",4,Mortality,8.92,5.26,%,-41.06%,50|51,Science in the Field Booklet.pdf
novovital-broiler-bangladesh-2023,novovital,NovoVital,,broiler,gut-health|mortality|fcr-weight-gain|antibiotic-reduction,Bangladesh,2023,180,28 days,0.5/1.0/2.0 mL/L,,controlled-trial,5,"Broiler growth, FCR and survivability trial","NovoVital improved body weight, FCR and survivability versus control.",5,LDL,78.2,69.8,mg/dL,,50|51,Science in the Field Booklet.pdf
novovital-broiler-bangladesh-field,novovital,NovoVital,,broiler,gut-health|mortality|fcr-weight-gain|water-quality,Bangladesh,,3000,36 days,,,field-trial,4,"3,000-broiler commercial field trial","NovoVital improved FCR, body weight, mortality and litter quality.",1,FCR,1.68,1.56,ratio,-7.14%,52|53,Science in the Field Booklet.pdf
novovital-broiler-bangladesh-field,novovital,NovoVital,,broiler,gut-health|mortality|fcr-weight-gain|water-quality,Bangladesh,,3000,36 days,,,field-trial,4,"3,000-broiler commercial field trial","NovoVital improved FCR, body weight, mortality and litter quality.",2,Mortality,1.8,1.2,%,-33%,52|53,Science in the Field Booklet.pdf
novovital-broiler-bangladesh-field,novovital,NovoVital,,broiler,gut-health|mortality|fcr-weight-gain|water-quality,Bangladesh,,3000,36 days,,,field-trial,4,"3,000-broiler commercial field trial","NovoVital improved FCR, body weight, mortality and litter quality.",3,Average BW,2.2,2.3,kg,+4.5%,52|53,Science in the Field Booklet.pdf
novovital-broiler-bangladesh-field,novovital,NovoVital,,broiler,gut-health|mortality|fcr-weight-gain|water-quality,Bangladesh,,3000,36 days,,,field-trial,4,"3,000-broiler commercial field trial","NovoVital improved FCR, body weight, mortality and litter quality.",4,Litter,,,,Better; wet litter in control,52|53,Science in the Field Booklet.pdf
novovital-broiler-italy-2014,novovital,NovoVital,,broiler,gut-health|mortality|fcr-weight-gain|antibiotic-reduction,Italy,2014,12000,50 days,,,field-trial,4,"12,000-broiler comparison trial","NovoVital-treated broilers showed higher average weight, better FCR and fewer deaths.",1,Deaths,401,260,birds,-35.16%,54|55,Science in the Field Booklet.pdf
novovital-broiler-italy-2014,novovital,NovoVital,,broiler,gut-health|mortality|fcr-weight-gain|antibiotic-reduction,Italy,2014,12000,50 days,,,field-trial,4,"12,000-broiler comparison trial","NovoVital-treated broilers showed higher average weight, better FCR and fewer deaths.",2,Average weight,3.5,3.55,kg,+1.42%,54|55,Science in the Field Booklet.pdf
novovital-broiler-italy-2014,novovital,NovoVital,,broiler,gut-health|mortality|fcr-weight-gain|antibiotic-reduction,Italy,2014,12000,50 days,,,field-trial,4,"12,000-broiler comparison trial","NovoVital-treated broilers showed higher average weight, better FCR and fewer deaths.",3,FCR,1.79,1.75,ratio,-2.23%,54|55,Science in the Field Booklet.pdf
novovital-broiler-italy-2018,novovital,NovoVital,,broiler,gut-health|antibiotic-reduction|mortality,Italy,2018,2700,44 days,,,field-trial,3,Coccidiosis-prevention comparison,NovoVital maintained good broiler health and performance in comparison with a coccidiostat program.,1,Clinical coccidiosis signs,,,,None typical reported,56|57,Science in the Field Booklet.pdf
novovital-broiler-italy-2018,novovital,NovoVital,,broiler,gut-health|antibiotic-reduction|mortality,Italy,2018,2700,44 days,,,field-trial,3,Coccidiosis-prevention comparison,NovoVital maintained good broiler health and performance in comparison with a coccidiostat program.,2,Final average weight,,,,Slightly higher than coccidiostat,56|57,Science in the Field Booklet.pdf
novovital-broiler-italy-2018,novovital,NovoVital,,broiler,gut-health|antibiotic-reduction|mortality,Italy,2018,2700,44 days,,,field-trial,3,Coccidiosis-prevention comparison,NovoVital maintained good broiler health and performance in comparison with a coccidiostat program.,3,Oocysts,,,,Limited in both groups late trial,56|57,Science in the Field Booklet.pdf
ovostrong-layer-peru-2014,ovostrong,Ovostrong,,layer,egg-performance|eggshell-quality|mortality,Peru,2014,31528,8 weeks,1 kg/ton,,field-trial,5,"31,528-layer egg-quality trial",Ovostrong improved egg quality and production while reducing breakage and mortality.,1,Breakage,1.53,1.21,%,-20.92%,58|59,Science in the Field Booklet.pdf
ovostrong-layer-peru-2014,ovostrong,Ovostrong,,layer,egg-performance|eggshell-quality|mortality,Peru,2014,31528,8 weeks,1 kg/ton,,field-trial,5,"31,528-layer egg-quality trial",Ovostrong improved egg quality and production while reducing breakage and mortality.,2,Mortality,2.34,1.73,%,,58|59,Science in the Field Booklet.pdf
ovostrong-layer-peru-2014,ovostrong,Ovostrong,,layer,egg-performance|eggshell-quality|mortality,Peru,2014,31528,8 weeks,1 kg/ton,,field-trial,5,"31,528-layer egg-quality trial",Ovostrong improved egg quality and production while reducing breakage and mortality.,3,Prolapse,1.04,0.76,%,,58|59,Science in the Field Booklet.pdf
ovostrong-layer-peru-2014,ovostrong,Ovostrong,,layer,egg-performance|eggshell-quality|mortality,Peru,2014,31528,8 weeks,1 kg/ton,,field-trial,5,"31,528-layer egg-quality trial",Ovostrong improved egg quality and production while reducing breakage and mortality.,4,Egg production,89.13,89.77,%,,58|59,Science in the Field Booklet.pdf
ovostrong-layer-peru-2014,ovostrong,Ovostrong,,layer,egg-performance|eggshell-quality|mortality,Peru,2014,31528,8 weeks,1 kg/ton,,field-trial,5,"31,528-layer egg-quality trial",Ovostrong improved egg quality and production while reducing breakage and mortality.,5,Class AA eggs,46.38,48.85,%,,58|59,Science in the Field Booklet.pdf
ovostrong-layer-philippines-2018,ovostrong,Ovostrong,,layer,egg-performance|eggshell-quality,Philippines,2018,1512,22 weeks,,,controlled-trial,5,Older-layer peak-performance trial,"Ovostrong improved production, shell quality, feed efficiency and profitability in older layers.",1,Total eggs,37328,40253,eggs,,60|61,Science in the Field Booklet.pdf
ovostrong-layer-philippines-2018,ovostrong,Ovostrong,,layer,egg-performance|eggshell-quality,Philippines,2018,1512,22 weeks,,,controlled-trial,5,Older-layer peak-performance trial,"Ovostrong improved production, shell quality, feed efficiency and profitability in older layers.",2,Day production/hen,51.8,55.58,%,,60|61,Science in the Field Booklet.pdf
ovostrong-layer-philippines-2018,ovostrong,Ovostrong,,layer,egg-performance|eggshell-quality,Philippines,2018,1512,22 weeks,,,controlled-trial,5,Older-layer peak-performance trial,"Ovostrong improved production, shell quality, feed efficiency and profitability in older layers.",3,House production,47.8,51.92,%,,60|61,Science in the Field Booklet.pdf
ovostrong-layer-philippines-2018,ovostrong,Ovostrong,,layer,egg-performance|eggshell-quality,Philippines,2018,1512,22 weeks,,,controlled-trial,5,Older-layer peak-performance trial,"Ovostrong improved production, shell quality, feed efficiency and profitability in older layers.",4,Shell thickness,0.322,0.3345,mm,,60|61,Science in the Field Booklet.pdf
ovostrong-layer-philippines-2018,ovostrong,Ovostrong,,layer,egg-performance|eggshell-quality,Philippines,2018,1512,22 weeks,,,controlled-trial,5,Older-layer peak-performance trial,"Ovostrong improved production, shell quality, feed efficiency and profitability in older layers.",5,Feed efficiency,,2.41,kg/12 eggs,,60|61,Science in the Field Booklet.pdf
ovostrong-layer-philippines-2018,ovostrong,Ovostrong,,layer,egg-performance|eggshell-quality,Philippines,2018,1512,22 weeks,,,controlled-trial,5,Older-layer peak-performance trial,"Ovostrong improved production, shell quality, feed efficiency and profitability in older layers.",6,Net profit,526.44,704.83,EUR,,60|61,Science in the Field Booklet.pdf
ovostrong-layer-philippines-2019,ovostrong,Ovostrong,,layer,egg-performance|eggshell-quality|mortality,Philippines,2019,23934,6 weeks,1 kg/ton,,field-trial,4,"23,934-layer competitor comparison",Ovostrong improved egg-quality outcomes and lowered mortality versus competing products.,1,House1 defective eggs,,,percentage points,-1.52 pp,62|63,Science in the Field Booklet.pdf
ovostrong-layer-philippines-2019,ovostrong,Ovostrong,,layer,egg-performance|eggshell-quality|mortality,Philippines,2019,23934,6 weeks,1 kg/ton,,field-trial,4,"23,934-layer competitor comparison",Ovostrong improved egg-quality outcomes and lowered mortality versus competing products.,2,House1 mortality,1.05,0.92,%,,62|63,Science in the Field Booklet.pdf
ovostrong-layer-philippines-2019,ovostrong,Ovostrong,,layer,egg-performance|eggshell-quality|mortality,Philippines,2019,23934,6 weeks,1 kg/ton,,field-trial,4,"23,934-layer competitor comparison",Ovostrong improved egg-quality outcomes and lowered mortality versus competing products.,3,House2 total eggs,229238,241765,eggs,,62|63,Science in the Field Booklet.pdf
ovostrong-layer-philippines-2019,ovostrong,Ovostrong,,layer,egg-performance|eggshell-quality|mortality,Philippines,2019,23934,6 weeks,1 kg/ton,,field-trial,4,"23,934-layer competitor comparison",Ovostrong improved egg-quality outcomes and lowered mortality versus competing products.,4,House2 mortality,0.65,0.52,%,,62|63,Science in the Field Booklet.pdf
ovostrong-layer-korea-2014,ovostrong,Ovostrong,,layer,eggshell-quality|egg-performance,South Korea,2014,10000,8 weeks,1 kg/ton for 4 weeks,,field-trial,4,Broken-egg and production trial,Ovostrong-treated hens maintained fewer broken eggs and produced more eggs at the end.,1,Broken eggs week 51,4.4,2.4,%,,64|65,Science in the Field Booklet.pdf
ovostrong-layer-korea-2014,ovostrong,Ovostrong,,layer,eggshell-quality|egg-performance,South Korea,2014,10000,8 weeks,1 kg/ton for 4 weeks,,field-trial,4,Broken-egg and production trial,Ovostrong-treated hens maintained fewer broken eggs and produced more eggs at the end.,2,Collected eggs final day,4129,4223,eggs,,64|65,Science in the Field Booklet.pdf
pro-start-piglet-korea-2023,pro-start,Pro-Start,,swine,calf-piglet-start|gut-health|antibiotic-reduction|mortality,South Korea,2023,252,,,,field-trial,5,Newborn-piglet diarrhea trial vs Ceftiofur,Pro-Start piglets had markedly lower diarrhea incidence than the Ceftiofur comparison group.,1,Diarrhea incidence,52.3,23.4,%,,66|67,Science in the Field Booklet.pdf
pro-start-piglet-korea-2023,pro-start,Pro-Start,,swine,calf-piglet-start|gut-health|antibiotic-reduction|mortality,South Korea,2023,252,,,,field-trial,5,Newborn-piglet diarrhea trial vs Ceftiofur,Pro-Start piglets had markedly lower diarrhea incidence than the Ceftiofur comparison group.,2,Piglets without diarrhea,61,95,piglets,,66|67,Science in the Field Booklet.pdf
renal-cleaner-broiler-iran-2019,renal-cleaner,Renal Cleaner,,broiler,liver-kidney-stress|fcr-weight-gain|antibiotic-reduction,Iran,2019,20000,45-46 days,,,field-trial,4,"20,000-broiler performance and antibiotic-use trial",Renal Cleaner groups finished heavier with higher feed intake; one comparison cycle used doxycycline in control but not treatment.,1,Feed advantage cycle1,,285,g/bird,,68|69,Science in the Field Booklet.pdf
renal-cleaner-broiler-iran-2019,renal-cleaner,Renal Cleaner,,broiler,liver-kidney-stress|fcr-weight-gain|antibiotic-reduction,Iran,2019,20000,45-46 days,,,field-trial,4,"20,000-broiler performance and antibiotic-use trial",Renal Cleaner groups finished heavier with higher feed intake; one comparison cycle used doxycycline in control but not treatment.,2,BW advantage cycle1,,160,g/bird,,68|69,Science in the Field Booklet.pdf
renal-cleaner-broiler-iran-2019,renal-cleaner,Renal Cleaner,,broiler,liver-kidney-stress|fcr-weight-gain|antibiotic-reduction,Iran,2019,20000,45-46 days,,,field-trial,4,"20,000-broiler performance and antibiotic-use trial",Renal Cleaner groups finished heavier with higher feed intake; one comparison cycle used doxycycline in control but not treatment.,3,Feed advantage cycle2,,300,g/bird,,68|69,Science in the Field Booklet.pdf
renal-cleaner-broiler-iran-2019,renal-cleaner,Renal Cleaner,,broiler,liver-kidney-stress|fcr-weight-gain|antibiotic-reduction,Iran,2019,20000,45-46 days,,,field-trial,4,"20,000-broiler performance and antibiotic-use trial",Renal Cleaner groups finished heavier with higher feed intake; one comparison cycle used doxycycline in control but not treatment.,4,BW advantage cycle2,,172,g/bird,,68|69,Science in the Field Booklet.pdf
tannifit-plus-piglet-thailand-2023,tannifit-plus,TanniFit Plus,,swine,calf-piglet-start|gut-health|mortality|antibiotic-reduction,Thailand,2023,212,5 days,,,controlled-field-trial,5,Neonatal diarrhea and mortality trial,TanniFit Plus produced fewer diarrhea cases and deaths than the Colistin comparison group.,1,Diarrhea cases day5,51,9,piglets,,70|71,Science in the Field Booklet.pdf
tannifit-plus-piglet-thailand-2023,tannifit-plus,TanniFit Plus,,swine,calf-piglet-start|gut-health|mortality|antibiotic-reduction,Thailand,2023,212,5 days,,,controlled-field-trial,5,Neonatal diarrhea and mortality trial,TanniFit Plus produced fewer diarrhea cases and deaths than the Colistin comparison group.,2,Deaths day5,10,3,piglets,,70|71,Science in the Field Booklet.pdf
tannifit-plus-dry-calf-germany-2024-a,tannifit-plus-dry,TanniFit Plus Dry,,ruminant,calf-piglet-start|gut-health,Germany,2024,10,5 days,20 g/head/day,,small-field-trial,2,Calf diarrhea-severity trial,All treated calves were free of diarrhea signs by day 5.,1,Day5 treated diarrhea,,0,of 5,,72|73,Science in the Field Booklet.pdf
tannifit-plus-dry-calf-germany-2024-a,tannifit-plus-dry,TanniFit Plus Dry,,ruminant,calf-piglet-start|gut-health,Germany,2024,10,5 days,20 g/head/day,,small-field-trial,2,Calf diarrhea-severity trial,All treated calves were free of diarrhea signs by day 5.,2,Day5 control diarrhea,2,,of 5,,72|73,Science in the Field Booklet.pdf
tannifit-plus-dry-calf-germany-2024-b,tannifit-plus-dry,TanniFit Plus Dry,,ruminant,calf-piglet-start|gut-health,Germany,2024,8,5 days,20 g/head/day,,small-field-trial,2,Second calf diarrhea field cycle,All five treated calves were free of diarrhea signs by day 5.,1,Day5 treated diarrhea,,0,of 5,,74|75,Science in the Field Booklet.pdf
tannifit-plus-dry-calf-germany-2024-b,tannifit-plus-dry,TanniFit Plus Dry,,ruminant,calf-piglet-start|gut-health,Germany,2024,8,5 days,20 g/head/day,,small-field-trial,2,Second calf diarrhea field cycle,All five treated calves were free of diarrhea signs by day 5.,2,Day5 control diarrhea,2,,of 3,,74|75,Science in the Field Booklet.pdf
turbo-fluid-broiler-pakistan-2006,turbo-fluid,Turbo Fluid,,broiler,heat-stress|mortality|fcr-weight-gain,Pakistan,2006,7500,45 days,1 L/ton water,,field-trial,4,"7,500-broiler production trial",Turbo Fluid-treated broilers finished heavier and with lower mortality.,1,Mortality,3.97,3.12,%,,76|77,Science in the Field Booklet.pdf
turbo-fluid-broiler-pakistan-2006,turbo-fluid,Turbo Fluid,,broiler,heat-stress|mortality|fcr-weight-gain,Pakistan,2006,7500,45 days,1 L/ton water,,field-trial,4,"7,500-broiler production trial",Turbo Fluid-treated broilers finished heavier and with lower mortality.,2,Dead birds,149,117,birds,,76|77,Science in the Field Booklet.pdf
turbo-fluid-broiler-pakistan-2006,turbo-fluid,Turbo Fluid,,broiler,heat-stress|mortality|fcr-weight-gain,Pakistan,2006,7500,45 days,1 L/ton water,,field-trial,4,"7,500-broiler production trial",Turbo Fluid-treated broilers finished heavier and with lower mortality.,3,Average BW,1838,1925,g,,76|77,Science in the Field Booklet.pdf
turbo-grow-broiler-bangladesh-2016,turbo-grow,Turbo Grow,Turbo Tox,broiler,fcr-weight-gain|mortality|gut-health|mycotoxins,Bangladesh,2016,,42 days,,,field-trial,5,Two-location broiler performance trial,Turbo Grow improved weight gain and FCR and substantially reduced mortality at two Bangladesh locations.,1,BW gain Tangail,,,%,+5.89%,78|79,Science in the Field Booklet.pdf
turbo-grow-broiler-bangladesh-2016,turbo-grow,Turbo Grow,Turbo Tox,broiler,fcr-weight-gain|mortality|gut-health|mycotoxins,Bangladesh,2016,,42 days,,,field-trial,5,Two-location broiler performance trial,Turbo Grow improved weight gain and FCR and substantially reduced mortality at two Bangladesh locations.,2,FCR Tangail,,,%,-3.87%,78|79,Science in the Field Booklet.pdf
turbo-grow-broiler-bangladesh-2016,turbo-grow,Turbo Grow,Turbo Tox,broiler,fcr-weight-gain|mortality|gut-health|mycotoxins,Bangladesh,2016,,42 days,,,field-trial,5,Two-location broiler performance trial,Turbo Grow improved weight gain and FCR and substantially reduced mortality at two Bangladesh locations.,3,Mortality Tangail,,,%,-76.92%,78|79,Science in the Field Booklet.pdf
turbo-grow-broiler-bangladesh-2016,turbo-grow,Turbo Grow,Turbo Tox,broiler,fcr-weight-gain|mortality|gut-health|mycotoxins,Bangladesh,2016,,42 days,,,field-trial,5,Two-location broiler performance trial,Turbo Grow improved weight gain and FCR and substantially reduced mortality at two Bangladesh locations.,4,BW gain Maijdee,,,%,+4.65%,78|79,Science in the Field Booklet.pdf
turbo-grow-broiler-bangladesh-2016,turbo-grow,Turbo Grow,Turbo Tox,broiler,fcr-weight-gain|mortality|gut-health|mycotoxins,Bangladesh,2016,,42 days,,,field-trial,5,Two-location broiler performance trial,Turbo Grow improved weight gain and FCR and substantially reduced mortality at two Bangladesh locations.,5,FCR Maijdee,,,%,-16.75%,78|79,Science in the Field Booklet.pdf
turbo-grow-broiler-bangladesh-2016,turbo-grow,Turbo Grow,Turbo Tox,broiler,fcr-weight-gain|mortality|gut-health|mycotoxins,Bangladesh,2016,,42 days,,,field-trial,5,Two-location broiler performance trial,Turbo Grow improved weight gain and FCR and substantially reduced mortality at two Bangladesh locations.,6,Mortality Maijdee,,,%,-62.68%,78|79,Science in the Field Booklet.pdf
turbo-grow-broiler-nigeria-2021,turbo-grow,Turbo Grow,,broiler,fcr-weight-gain|gut-health|carcass-quality|antibiotic-reduction,Nigeria,2021,70,42 days,1 g/kg feed,,controlled-trial,5,"Broiler FCR, gut and meat-quality trial","Turbo Grow improved FCR, intestinal microbiology, gut morphology and meat-quality measures.",1,Starter FCR,2.31,2.16,ratio,-6.49%,82|83,Science in the Field Booklet.pdf
turbo-grow-broiler-nigeria-2021,turbo-grow,Turbo Grow,,broiler,fcr-weight-gain|gut-health|carcass-quality|antibiotic-reduction,Nigeria,2021,70,42 days,1 g/kg feed,,controlled-trial,5,"Broiler FCR, gut and meat-quality trial","Turbo Grow improved FCR, intestinal microbiology, gut morphology and meat-quality measures.",2,Finisher FCR,2.14,1.38,ratio,-35.51%,82|83,Science in the Field Booklet.pdf
turbo-grow-broiler-nigeria-2021,turbo-grow,Turbo Grow,,broiler,fcr-weight-gain|gut-health|carcass-quality|antibiotic-reduction,Nigeria,2021,70,42 days,1 g/kg feed,,controlled-trial,5,"Broiler FCR, gut and meat-quality trial","Turbo Grow improved FCR, intestinal microbiology, gut morphology and meat-quality measures.",3,E. coli,0.76,0.71,CFU×10^5,-6.6%,82|83,Science in the Field Booklet.pdf
turbo-grow-broiler-nigeria-2021,turbo-grow,Turbo Grow,,broiler,fcr-weight-gain|gut-health|carcass-quality|antibiotic-reduction,Nigeria,2021,70,42 days,1 g/kg feed,,controlled-trial,5,"Broiler FCR, gut and meat-quality trial","Turbo Grow improved FCR, intestinal microbiology, gut morphology and meat-quality measures.",4,Salmonella,0.32,0.28,CFU×10^5,-12.5%,82|83,Science in the Field Booklet.pdf
turbo-grow-broiler-nigeria-2021,turbo-grow,Turbo Grow,,broiler,fcr-weight-gain|gut-health|carcass-quality|antibiotic-reduction,Nigeria,2021,70,42 days,1 g/kg feed,,controlled-trial,5,"Broiler FCR, gut and meat-quality trial","Turbo Grow improved FCR, intestinal microbiology, gut morphology and meat-quality measures.",5,LAB,0.45,0.61,CFU×10^5,+35.5%,82|83,Science in the Field Booklet.pdf
turbo-grow-broiler-nigeria-2021,turbo-grow,Turbo Grow,,broiler,fcr-weight-gain|gut-health|carcass-quality|antibiotic-reduction,Nigeria,2021,70,42 days,1 g/kg feed,,controlled-trial,5,"Broiler FCR, gut and meat-quality trial","Turbo Grow improved FCR, intestinal microbiology, gut morphology and meat-quality measures.",6,Breast yield,22.93,26.22,%,,82|83,Science in the Field Booklet.pdf
turbo-grow-broiler-nigeria-2021,turbo-grow,Turbo Grow,,broiler,fcr-weight-gain|gut-health|carcass-quality|antibiotic-reduction,Nigeria,2021,70,42 days,1 g/kg feed,,controlled-trial,5,"Broiler FCR, gut and meat-quality trial","Turbo Grow improved FCR, intestinal microbiology, gut morphology and meat-quality measures.",7,TBARS,0.22,0.13,mg MDA/100g,-41%,82|83,Science in the Field Booklet.pdf
turbo-grow-dairy-morocco-2020,turbo-grow,Turbo Grow,Turbo Tox,ruminant,milk-yield|mycotoxins|fcr-weight-gain,Morocco,2020,535,18 days,100 g/cow/day,,field-trial,4,535-Holstein milk-yield comparison,Turbo Grow produced the highest average milk yield among the tested additive groups.,1,Milk-yield advantage,,~+1.3 to >2.0,L/cow/day vs competitors,,86|87,Science in the Field Booklet.pdf
turbo-grow-layer-peru-2019,turbo-grow,Turbo Grow,Turbo Tox,layer,egg-performance|fcr-weight-gain|mycotoxins,Peru,2019,3000,12 weeks,1 kg/ton feed,,field-trial,4,Layer performance and ROI trial,"Turbo Grow improved production economics, including egg output and feed efficiency.",1,ROI,,3.29,EUR return per EUR invested,,92|93,Science in the Field Booklet.pdf
turbo-grow-layer-peru-2019,turbo-grow,Turbo Grow,Turbo Tox,layer,egg-performance|fcr-weight-gain|mycotoxins,Peru,2019,3000,12 weeks,1 kg/ton feed,,field-trial,4,Layer performance and ROI trial,"Turbo Grow improved production economics, including egg output and feed efficiency.",2,Egg output/FCR,,,,Higher egg production and egg mass; improved feed conversion reported,92|93,Science in the Field Booklet.pdf
turbo-grow-piglet-philippines,turbo-grow,Turbo Grow,,swine,mycotoxins|mortality|calf-piglet-start,Philippines,,,,,,field-observation,2,Zearalenone-associated piglet field case,Turbo Grow supplementation was followed by lower vulvovaginitis and tremor incidence.,1,Tremors September,,6,"of 2,205 born alive",,96|97,Science in the Field Booklet.pdf
turbo-grow-piglet-philippines,turbo-grow,Turbo Grow,,swine,mycotoxins|mortality|calf-piglet-start,Philippines,,,,,,field-observation,2,Zearalenone-associated piglet field case,Turbo Grow supplementation was followed by lower vulvovaginitis and tremor incidence.,2,Tremors October,,0,cases,,96|97,Science in the Field Booklet.pdf
turbo-grow-piglet-philippines,turbo-grow,Turbo Grow,,swine,mycotoxins|mortality|calf-piglet-start,Philippines,,,,,,field-observation,2,Zearalenone-associated piglet field case,Turbo Grow supplementation was followed by lower vulvovaginitis and tremor incidence.,3,Vulvovaginitis,,,,Decreased and remained low,96|97,Science in the Field Booklet.pdf
turbo-grow-pig-philippines-2016,turbo-grow,Turbo Grow,,swine,fcr-weight-gain|mortality,Philippines,2016,1000,70 days,1 kg/ton feed,,field-trial,4,"1,000-pig nursery/starter trial",Turbo Grow improved feed conversion and lowered mortality through nursery and starter.,1,FCR improvement,,0.17,points,,98|99,Science in the Field Booklet.pdf
turbo-grow-pig-philippines-2016,turbo-grow,Turbo Grow,,swine,fcr-weight-gain|mortality,Philippines,2016,1000,70 days,1 kg/ton feed,,field-trial,4,"1,000-pig nursery/starter trial",Turbo Grow improved feed conversion and lowered mortality through nursery and starter.,2,Mortality improvement,,2,percentage points,,98|99,Science in the Field Booklet.pdf
yuccamax-broiler-layer-syria-2010,yuccamax,Yuccamax,,broiler|layer,water-quality|gut-health|mortality|egg-performance,Syria,2010,,Layers 7 days; broilers 8 days,0.5 mL/L water,,field-trial,4,Broiler and layer field trial,Yuccamax reduced broiler mortality and increased layer egg production.,1,Layer egg production,,,%,+12%,100|101,Science in the Field Booklet.pdf
yuccamax-broiler-layer-syria-2010,yuccamax,Yuccamax,,broiler|layer,water-quality|gut-health|mortality|egg-performance,Syria,2010,,Layers 7 days; broilers 8 days,0.5 mL/L water,,field-trial,4,Broiler and layer field trial,Yuccamax reduced broiler mortality and increased layer egg production.,2,Broiler mortality,,,%,-43.16%,100|101,Science in the Field Booklet.pdf
yuccamax-broiler-turkiye-2009,yuccamax,Yuccamax,,broiler,water-quality|gut-health|fcr-weight-gain,Türkiye,2009,,6 weeks,,,field-trial,4,Broiler final-weight and FCR trial,Yuccamax-treated broilers finished heavier and with improved FCR.,1,Final weight,2440,2510,g,,102|103,Science in the Field Booklet.pdf
yuccamax-broiler-turkiye-2009,yuccamax,Yuccamax,,broiler,water-quality|gut-health|fcr-weight-gain,Türkiye,2009,,6 weeks,,,field-trial,4,Broiler final-weight and FCR trial,Yuccamax-treated broilers finished heavier and with improved FCR.,2,FCR,1.72,1.7,ratio,,102|103,Science in the Field Booklet.pdf
zincotin-breeder-iran-2019,zincotin,Zincotin,,broiler,egg-performance|eggshell-quality|leg-problems,Iran,2019,30278,Weeks 40-67,,,field-trial,4,"30,278-breeder hatchability trial",Zincotin improved hatchability and egg-production measures in broiler breeders.,1,Hatchability,75.72,77.11,%,+1.39 pp,104|105,Science in the Field Booklet.pdf
zincotin-breeder-iran-2019,zincotin,Zincotin,,broiler,egg-performance|eggshell-quality|leg-problems,Iran,2019,30278,Weeks 40-67,,,field-trial,4,"30,278-breeder hatchability trial",Zincotin improved hatchability and egg-production measures in broiler breeders.,2,Egg production,,,%,+1.06%,104|105,Science in the Field Booklet.pdf
zincotin-breeder-iran-2019,zincotin,Zincotin,,broiler,egg-performance|eggshell-quality|leg-problems,Iran,2019,30278,Weeks 40-67,,,field-trial,4,"30,278-breeder hatchability trial",Zincotin improved hatchability and egg-production measures in broiler breeders.,3,Suitable hatchery eggs,,,%,+0.29%,104|105,Science in the Field Booklet.pdf
zincotin-breeder-iran-2019,zincotin,Zincotin,,broiler,egg-performance|eggshell-quality|leg-problems,Iran,2019,30278,Weeks 40-67,,,field-trial,4,"30,278-breeder hatchability trial",Zincotin improved hatchability and egg-production measures in broiler breeders.,4,Egg weight,,0.36,g above control,,104|105,Science in the Field Booklet.pdf
zincotin-broiler-portugal-2018,zincotin,Zincotin,,broiler,fcr-weight-gain|leg-problems|gut-health,Portugal,2018,25000,42 days,,,field-trial,4,"25,000-broiler performance trial",Zincotin improved average weight and FCR; litter quality was better in the treated flock.,1,Average weight,,,%,+7.40%,106|107,Science in the Field Booklet.pdf
zincotin-broiler-portugal-2018,zincotin,Zincotin,,broiler,fcr-weight-gain|leg-problems|gut-health,Portugal,2018,25000,42 days,,,field-trial,4,"25,000-broiler performance trial",Zincotin improved average weight and FCR; litter quality was better in the treated flock.,2,FCR,,,%,-2.00%,106|107,Science in the Field Booklet.pdf
zincotin-broiler-thailand-2013,zincotin,Zincotin,,broiler,fcr-weight-gain|leg-problems|carcass-quality,Thailand,2013,47600,42 days,,,field-trial,5,"47,600-broiler performance and footburn trial",Zincotin improved daily gain and FCR and reduced footburn condemnation.,1,ADG,,,%,+2.20%,108|109,Science in the Field Booklet.pdf
zincotin-broiler-thailand-2013,zincotin,Zincotin,,broiler,fcr-weight-gain|leg-problems|carcass-quality,Thailand,2013,47600,42 days,,,field-trial,5,"47,600-broiler performance and footburn trial",Zincotin improved daily gain and FCR and reduced footburn condemnation.,2,FCR,,,%,-1.70%,108|109,Science in the Field Booklet.pdf
zincotin-broiler-thailand-2013,zincotin,Zincotin,,broiler,fcr-weight-gain|leg-problems|carcass-quality,Thailand,2013,47600,42 days,,,field-trial,5,"47,600-broiler performance and footburn trial",Zincotin improved daily gain and FCR and reduced footburn condemnation.,3,Footburn condemnation,,,%,-24.65%,108|109,Science in the Field Booklet.pdf
turbo-grow-broiler-iran-2014,turbo-grow,Turbo Grow,Turbo Tox,broiler,vaccine-reaction|fcr-weight-gain|gut-health|mycotoxins,Iran,2014,360,6 weeks,1 g/kg feed,No-additive control; Competitor A enzyme,controlled-trial,4,"Broiler Gumboro antibody, weight-gain and FCR trial","Broilers fed Turbo Grow showed higher Gumboro antibody titres at later measurements, greater body-weight gain and lower FCR than the control diet.",1,Gumboro antibody titre,,,,"Higher in Turbo Grow-fed birds at days 14, 28 and 42; days 28 and 42 greater than control",80|81,Science in the Field Booklet.pdf
turbo-grow-broiler-iran-2014,turbo-grow,Turbo Grow,Turbo Tox,broiler,vaccine-reaction|fcr-weight-gain|gut-health|mycotoxins,Iran,2014,360,6 weeks,1 g/kg feed,No-additive control; Competitor A enzyme,controlled-trial,4,"Broiler Gumboro antibody, weight-gain and FCR trial","Broilers fed Turbo Grow showed higher Gumboro antibody titres at later measurements, greater body-weight gain and lower FCR than the control diet.",2,Body-weight gain,,,,Greater than control diet,80|81,Science in the Field Booklet.pdf
turbo-grow-broiler-iran-2014,turbo-grow,Turbo Grow,Turbo Tox,broiler,vaccine-reaction|fcr-weight-gain|gut-health|mycotoxins,Iran,2014,360,6 weeks,1 g/kg feed,No-additive control; Competitor A enzyme,controlled-trial,4,"Broiler Gumboro antibody, weight-gain and FCR trial","Broilers fed Turbo Grow showed higher Gumboro antibody titres at later measurements, greater body-weight gain and lower FCR than the control diet.",3,FCR,,,,Lower than control throughout the experiment,80|81,Science in the Field Booklet.pdf
turbo-grow-broiler-peru-2015,turbo-grow,Turbo Grow,Turbo Tox,broiler,fcr-weight-gain|antibiotic-reduction|gut-health|mycotoxins,Peru,2015,400,45 days,Two Turbo Grow inclusion levels tested,Control treatment containing antibiotic,controlled-trial,4,Broiler non-antibiotic growth-promoter inclusion-level trial,Turbo Grow treatments produced significantly better performance than the antibiotic-containing control; 1.5 kg/ton gave the best production parameters and 1 kg/ton the best cost/benefit ratio.,1,Overall performance,,,,Turbo Grow treatments significantly better than antibiotic-containing control (p<0.05),82|83,Science in the Field Booklet.pdf
turbo-grow-broiler-peru-2015,turbo-grow,Turbo Grow,Turbo Tox,broiler,fcr-weight-gain|antibiotic-reduction|gut-health|mycotoxins,Peru,2015,400,45 days,Two Turbo Grow inclusion levels tested,Control treatment containing antibiotic,controlled-trial,4,Broiler non-antibiotic growth-promoter inclusion-level trial,Turbo Grow treatments produced significantly better performance than the antibiotic-containing control; 1.5 kg/ton gave the best production parameters and 1 kg/ton the best cost/benefit ratio.,2,Best production inclusion,,1.5,kg/ton,Best production parameters,82|83,Science in the Field Booklet.pdf
turbo-grow-broiler-peru-2015,turbo-grow,Turbo Grow,Turbo Tox,broiler,fcr-weight-gain|antibiotic-reduction|gut-health|mycotoxins,Peru,2015,400,45 days,Two Turbo Grow inclusion levels tested,Control treatment containing antibiotic,controlled-trial,4,Broiler non-antibiotic growth-promoter inclusion-level trial,Turbo Grow treatments produced significantly better performance than the antibiotic-containing control; 1.5 kg/ton gave the best production parameters and 1 kg/ton the best cost/benefit ratio.,3,Best cost/benefit inclusion,,1,kg/ton,Best cost/benefit ratio,82|83,Science in the Field Booklet.pdf
turbo-grow-broiler-peru-2017,turbo-grow,Turbo Grow,Turbo Tox,broiler,fcr-weight-gain|gut-health|mycotoxins,Peru,2017,1920,35 days,1 kg/ton feed,Commercial MOS product at 1 kg/ton feed,field-trial,4,"1,920-broiler competitor comparison",Turbo Grow improved weekly body-weight gain and feed conversion compared with the commercial MOS comparator.,1,Weekly body-weight gain,,,,Improved average weekly body-weight gain in Turbo Grow groups,84|85,Science in the Field Booklet.pdf
turbo-grow-broiler-peru-2017,turbo-grow,Turbo Grow,Turbo Tox,broiler,fcr-weight-gain|gut-health|mycotoxins,Peru,2017,1920,35 days,1 kg/ton feed,Commercial MOS product at 1 kg/ton feed,field-trial,4,"1,920-broiler competitor comparison",Turbo Grow improved weekly body-weight gain and feed conversion compared with the commercial MOS comparator.,2,FCR,,,,Improved average feed conversion versus commercial MOS comparator,84|85,Science in the Field Booklet.pdf
turbo-grow-dairy-philippines-2016,turbo-grow,Turbo Grow,Turbo Tox,ruminant,milk-yield|mycotoxins|fcr-weight-gain,Philippines,2016,27-49,4 months,100 g/animal/day,Basal diet control / pre-application performance,field-trial,4,Dairy cattle milk-yield and net-income field trial,"In Batangas dairy cattle under tropical conditions and poor-quality roughage, Turbo Grow improved milk output and net income versus the non-treated comparison.",1,Milk production,,,%,+17% versus non-treated group,88|89,Science in the Field Booklet.pdf
turbo-grow-dairy-philippines-2016,turbo-grow,Turbo Grow,Turbo Tox,ruminant,milk-yield|mycotoxins|fcr-weight-gain,Philippines,2016,27-49,4 months,100 g/animal/day,Basal diet control / pre-application performance,field-trial,4,Dairy cattle milk-yield and net-income field trial,"In Batangas dairy cattle under tropical conditions and poor-quality roughage, Turbo Grow improved milk output and net income versus the non-treated comparison.",2,Net income,,,%,+12% versus non-treated group,88|89,Science in the Field Booklet.pdf
turbo-grow-dairy-sudan-2016,turbo-grow,Turbo Grow,Turbo Tox,ruminant,milk-yield|fcr-weight-gain,Sudan,2016,4,20 days,100 g/cow/day after 4-day baseline,First 4 days without additive / herd peers,field-observation,2,Low-milk-yield dairy-cow field case,"Four recently calved low-producing cows showed improved health, feed intake and progressively recovering milk yield after Turbo Grow supplementation.",1,Feed intake / condition,,,,Improved quickly after application,90|91,Science in the Field Booklet.pdf
turbo-grow-dairy-sudan-2016,turbo-grow,Turbo Grow,Turbo Tox,ruminant,milk-yield|fcr-weight-gain,Sudan,2016,4,20 days,100 g/cow/day after 4-day baseline,First 4 days without additive / herd peers,field-observation,2,Low-milk-yield dairy-cow field case,"Four recently calved low-producing cows showed improved health, feed intake and progressively recovering milk yield after Turbo Grow supplementation.",2,Milk yield,,,,Improved progressively toward the level of better-performing herd mates,90|91,Science in the Field Booklet.pdf